user_id,target_index,reason,confidence,n_raw,n_val,changed_flag,n_removed,n_added,jaccard,gt_match_raw,gt_match_val,gt_match_delta,act_raw,act_val,act_delta,spec_raw,spec_val,spec_delta,spec_removed,spec_survived,removed_concepts,added_concepts
AE22236AFRRSMQIKGG7TPTB75QEA,35,exploration,0.65,2,1,1,1,0,0.5,0.0,0.0,0.0,3.5,7.0,3.5,4.996,3.0693,-1.9267,6.9227,3.0693,category:award_winners_in_movies_&_tv,
AE225Z2VRWT6GPTOMA4H4O3H2KVQ,9,exploration,0.65,3,2,1,1,0,0.6667,0.0,0.0,0.0,2.6667,4.0,1.3333,3.7165,3.5257,-0.1908,4.098,3.5257,category:science_fiction_&_fantasy,
AE226DTQNCWSVWLHQNZS7APPJFQA,6,exploration,0.65,2,1,1,1,0,0.5,0.0,0.0,0.0,0.5,1.0,0.5,5.8561,6.1796,0.3235,5.5326,6.1796,category:adventure,
AE227XGHLZKVCOXU23TZFRDXSWTA,5,exploration,0.65,2,1,1,1,0,0.5,0.5,1.0,0.5,3.5,7.0,3.5,5.1042,2.8168,-2.2875,7.3917,2.8168,category:mother's_day_gift_ideas_in_movies_&_tv,
AE22B23K3KEVKL47UZ3QHIX2PI7A,23,exploration,0.65,2,1,1,1,0,0.5,0.0,0.0,0.0,2.5,5.0,2.5,4.1418,2.5241,-1.6178,5.7596,2.5241,category:emotional,
AE22B2XZQ6JPCVBRTLUNBNZB2IJQ,6,exploration,0.65,2,0,1,2,0,0.0,0.0,0.0,0.0,0.0,0.0,0.0,4.4417,0.0,-4.4417,4.4417,0.0,category:fantasy;category:science_fiction_&_fantasy,
AE22BN3RTUULEV6FQDSNAOKV5GDA,5,exploration,0.65,2,1,1,1,0,0.5,0.0,0.0,0.0,2.0,4.0,2.0,4.5623,3.7852,-0.777,5.3393,3.7852,category:anime_&_manga,
AE22CECOIL6HFA3ZEFIZWGHUFHLA,7,exploration,0.55,2,1,1,1,0,0.5,0.0,0.0,0.0,1.5,3.0,1.5,3.4521,2.5241,-0.928,4.3801,2.5241,category:suspense,
AE22CFXT3QZKUQJORVTGL3VQXAAA,7,exploration,0.65,2,1,1,1,0,0.5,0.0,0.0,0.0,0.5,1.0,0.5,5.8379,4.7058,-1.1321,6.97,4.7058,category:western,
AE22CS5OIRQTN7WDKQ2F3BYP5CXA,9,exploration,0.65,2,1,1,1,0,0.5,0.0,0.0,0.0,0.5,1.0,0.5,5.6751,4.3801,-1.2949,6.97,4.3801,category:western,
AE22DM7HRD5NEP432MYD7FJ75JFQ,10,exploration,0.75,2,0,1,2,0,0.0,0.0,0.0,0.0,0.0,0.0,0.0,4.1811,0.0,-4.1811,4.1811,0.0,category:science_fiction;category:suspense,
AE22EOS3QTBIOXYUKYWG7Z2ZOWSQ,8,exploration,0.65,2,1,1,1,0,0.5,0.0,0.0,0.0,3.0,6.0,3.0,3.9562,2.8168,-1.1395,5.0957,2.8168,category:mystery_&_thrillers,
AE22ERJ7YI3QH427LG2TSMGI6XAA,11,exploration,0.65,2,1,1,1,0,0.5,0.0,0.0,0.0,1.0,2.0,1.0,5.3138,3.5909,-1.7229,7.0367,3.5909,category:silent_films,
AE22EWOQI5PSOTRJQ5PPYSA2LCEQ,9,exploration,0.65,2,1,1,1,0,0.5,0.0,0.0,0.0,1.5,3.0,1.5,5.4036,3.9821,-1.4215,6.8251,3.9821,category:futuristic,
AE22FB6A4Z54ZUJZMX2QGRWSNIZA,8,exploration,0.65,2,1,1,1,0,0.5,0.0,0.0,0.0,2.0,4.0,2.0,3.3994,2.8168,-0.5827,3.9821,2.8168,category:science_fiction,
AE22FKDPISLL6WLAO5SHVQNWWYDA,5,exploration,0.65,2,0,1,2,0,0.0,0.0,0.0,0.0,0.0,0.0,0.0,7.1628,0.0,-7.1628,7.1628,0.0,category:inspiring;category:young_adult_audience,
AE22GTAQXIWXCMOAJBQ7T6L7O4ZA,7,exploration,0.65,2,1,1,1,0,0.5,0.0,0.0,0.0,3.0,6.0,3.0,3.4521,2.5241,-0.928,4.3801,2.5241,category:suspense,
AE22I2INMDREXTRPZMFO33H5SHCA,11,exploration,0.65,2,1,1,1,0,0.5,0.0,0.0,0.0,2.0,4.0,2.0,3.6547,2.5241,-1.1307,4.7854,2.5241,category:fantasy,
AE22JBWC7XJAYZYCYVK6XPJ2UCTQ,6,exploration,0.65,2,0,1,2,0,0.0,0.0,0.0,0.0,0.0,0.0,0.0,6.3024,0.0,-6.3024,6.3024,0.0,category:historical;category:inspiring,
AE22KJVE7LK4EJUGJQ3RBFLVUGHA,5,exploration,0.65,2,0,1,2,0,0.0,0.0,0.0,0.0,0.0,0.0,0.0,6.791,0.0,-6.791,6.791,0.0,category:philosophical;category:romance,
AE22KOIMXKU2TM6A5MA7K6MHCUTQ,5,exploration,0.65,2,0,1,2,0,0.0,0.0,0.0,0.0,0.0,0.0,0.0,5.8627,0.0,-5.8627,5.8627,0.0,category:action;category:ambitious,
AE22KSNPACIH7PHFBIJVG744SVSA,6,exploration,0.65,2,1,1,1,0,0.5,0.0,0.0,0.0,2.0,4.0,2.0,5.8443,4.098,-1.7463,7.5906,4.098,category:alien_invasion,
AE22M3AD4AUAGF3RGOJTE7SIOXMQ,8,exploration,0.65,2,1,1,1,0,0.5,0.0,0.0,0.0,2.0,4.0,2.0,4.3433,3.5909,-0.7524,5.0957,3.5909,category:mystery_&_thrillers,
AE22M5CUEXPHVOEE5B5QEVVUVAYA,6,exploration,0.7,3,0,1,3,0,0.0,0.0,0.0,0.0,0.0,0.0,0.0,7.8634,0.0,-7.8634,7.8634,0.0,category:award_winners_in_movies_&_tv;category:emmy_central;category:emmy_nominees,
AE22MQU5CGDMMUJEVJWT6APDZ6ZQ,12,exploration,0.65,2,1,1,1,0,0.5,0.0,0.0,0.0,1.0,2.0,1.0,4.7573,3.9821,-0.7753,5.5326,3.9821,category:adventure,
AE22MRZKBD5MWJLIMGYLLJ67ZWVQ,23,exploration,0.65,2,1,1,1,0,0.5,0.0,0.0,0.0,5.0,10.0,5.0,4.6196,2.5241,-2.0955,6.7151,2.5241,category:downbeat,
AE22MTWGGDKTTVISNH5FKCVWNIGQ,5,exploration,0.55,1,0,1,1,0,0.0,0.0,0.0,0.0,0.0,0.0,0.0,5.9594,0.0,-5.9594,5.9594,0.0,category:fox_tv,
AE22NMDFLTEZH7FRUQYKT2D63THA,8,exploration,0.65,2,0,1,2,0,0.0,0.0,0.0,0.0,0.0,0.0,0.0,5.8541,0.0,-5.8541,5.8541,0.0,category:award_winners_in_movies_&_tv;category:fantasy,
AE22NYNCFWZA4YTOO7CVMCCJQZZQ,17,exploration,0.55,2,1,1,1,0,0.5,0.0,0.0,0.0,0.5,1.0,0.5,4.7522,3.5909,-1.1613,5.9135,3.5909,category:hbo,
AE22QDEN6KCC2YYSJWUIT6ARADFQ,11,exploration,0.65,2,1,1,1,0,0.5,0.5,1.0,0.5,1.5,3.0,1.5,5.5711,4.3801,-1.1909,6.762,4.3801,category:frightening,
AE22QSIR4YRJG5V5NHOL7KDAN3ZQ,14,exploration,0.65,2,1,1,1,0,0.5,0.0,0.0,0.0,1.0,2.0,1.0,5.5711,4.3801,-1.1909,6.762,4.3801,category:frightening,
AE22QWJQOQ4BHU65TWOQLTMGKOVQ,6,exploration,0.65,2,1,1,1,0,0.5,0.0,0.0,0.0,6.5,13.0,6.5,5.7922,2.5241,-3.2681,9.0602,2.5241,category:performing_arts,
AE22R3UA5I5GUFRXEUY7NH3ZQ7JA,5,exploration,0.65,2,0,1,2,0,0.0,0.0,0.0,0.0,0.0,0.0,0.0,6.8051,0.0,-6.8051,6.8051,0.0,category:beautiful;category:cerebral,
AE22RV5M6DBHQUC7A7WT3RAGH6LA,17,exploration,0.65,2,1,1,1,0,0.5,0.0,0.0,0.0,1.0,2.0,1.0,5.9465,4.9703,-0.9762,6.9227,4.9703,category:award_winners_in_movies_&_tv,
AE22SMQFML2VLYBHMX6HXPEE63VA,24,exploration,0.65,2,1,1,1,0,0.5,0.5,1.0,0.5,0.5,1.0,0.5,5.4069,4.3801,-1.0268,6.4337,4.3801,category:dark,
AE22TTRNQRDXBPKN5YV5U5ZAKKTA,5,exploration,0.65,2,0,1,2,0,0.0,0.0,0.0,0.0,0.0,0.0,0.0,5.227,0.0,-5.227,5.227,0.0,category:musicals;category:musicals_&_performing_arts,
AE22TYCKVIOGLWVL4CHQZVTPBLGA,5,exploration,0.65,2,1,1,1,0,0.5,0.0,0.0,0.0,1.0,2.0,1.0,4.8934,2.8168,-2.0766,6.97,2.8168,category:heartwarming,
AE22U2DM2E4EOEDEEZ46BDVIYPOQ,8,exploration,0.65,2,1,1,1,0,0.5,0.0,0.0,0.0,0.5,1.0,0.5,5.5088,4.7854,-0.7234,6.2322,4.7854,category:charming,
AE22US5A5IWNFEYV6W6LCJQKQX6Q,6,exploration,0.65,2,0,1,2,0,0.0,0.0,0.0,0.0,0.0,0.0,0.0,7.4308,0.0,-7.4308,7.4308,0.0,category:heartwarming;category:quirky,
AE22VCEA3GNETZPARAWM4RRFUD3A,22,exploration,0.65,2,1,1,1,0,0.5,0.0,0.0,0.0,0.5,1.0,0.5,5.6095,4.7854,-0.8241,6.4337,4.7854,category:dark,
AE22VRGAH5PBC4DKP5WWUSVVQQ3Q,11,exploration,0.65,2,0,1,2,0,0.0,0.0,0.0,0.0,0.0,0.0,0.0,6.3446,0.0,-6.3446,6.3446,0.0,category:dark;category:historical,
AE22XXOAQDZN53H2JYJZS4YDQTQA,5,exploration,0.65,2,0,1,2,0,0.0,0.0,0.0,0.0,0.0,0.0,0.0,8.7962,0.0,-8.7962,8.7962,0.0,category:adventures;category:live_action,
AE22Y3PCFP7F73CMBW7T5DISLPSA,11,exploration,0.65,2,1,1,1,0,0.5,0.0,0.0,0.0,2.0,4.0,2.0,3.5984,2.8168,-0.7817,4.3801,2.8168,category:suspense,
AE22YYRSKXRL4JGWICZMDGFQSQBA,11,exploration,0.65,2,1,1,1,0,0.5,0.0,0.0,0.0,2.0,4.0,2.0,4.0641,2.5241,-1.54,5.6041,2.5241,category:cerebral,
AE22ZD5EMHDM4G6WEUQ3KEK3LC6A,9,exploration,0.65,2,0,1,2,0,0.0,0.0,0.0,0.0,0.0,0.0,0.0,6.7329,0.0,-6.7329,6.7329,0.0,category:bleak;category:intense,
AE232G5Q2DYZSD6K244JLXS62G5A,11,exploration,0.65,2,1,1,1,0,0.5,0.0,0.0,0.0,0.5,1.0,0.5,4.9701,3.5909,-1.3792,6.3493,3.5909,category:inspiring,
AE232WUDOUM57DT6OW4NZEVSBNFQ,13,exploration,0.65,2,0,1,2,0,0.0,0.0,0.0,0.0,0.0,0.0,0.0,6.5282,0.0,-6.5282,6.5282,0.0,category:heartwarming;category:unscripted,
AE233JXVSDAMWWVUJTLMWINS6HKA,11,exploration,0.75,2,0,1,2,0,0.0,0.0,0.0,0.0,0.0,0.0,0.0,5.5711,0.0,-5.5711,5.5711,0.0,category:frightening;category:suspense,
AE236A4QGHUGPVXN2R5ZEYFJW5NA,7,exploration,0.65,2,0,1,2,0,0.0,0.0,0.0,0.0,0.0,0.0,0.0,7.2219,0.0,-7.2219,7.2219,0.0,category:christmas;category:timeless_holiday_favorites,
AE237GBI42XLCNCXMORBB33CDUDA,17,exploration,0.65,2,1,1,1,0,0.5,0.0,0.0,0.0,0.5,1.0,0.5,5.7699,5.0411,-0.7288,6.4986,5.0411,category:gritty,
AE237V5JNIBUKR3V3UFWRDMLHUCQ,13,exploration,0.55,2,1,1,1,0,0.5,0.0,0.0,0.0,1.5,3.0,1.5,4.2853,3.0693,-1.2159,5.5012,3.0693,category:westerns,
AE23AL3RRSCBHNYPUGTVNQ43EHJQ,18,exploration,0.65,2,1,1,1,0,0.5,0.0,0.0,0.0,4.5,9.0,4.5,4.0825,3.0693,-1.0132,5.0957,3.0693,category:mystery_&_thrillers,
AE23AYJUTWX7B4AKYLPPCYXUS3QA,5,exploration,0.55,2,1,1,1,0,0.5,0.0,0.0,0.0,2.0,4.0,2.0,5.1815,2.5241,-2.6575,7.839,2.5241,category:lgbtq,
AE23CT6MTSQ6IFQS3ZIWMXDPVPCQ,24,exploration,0.75,2,1,1,1,0,0.5,0.0,0.0,0.0,3.0,6.0,3.0,4.1418,2.5241,-1.6178,5.7596,2.5241,category:emotional,
AE23DFC7QJH6X56ZGCN7QQWFYEAQ,6,exploration,0.65,2,1,1,1,0,0.5,0.0,0.0,0.0,0.5,1.0,0.5,6.0076,6.2556,0.248,5.7596,6.2556,category:emotional,
AE23EBWNOUDL4U66ZFQXMIHALRRA,13,exploration,0.65,2,1,1,1,0,0.5,0.0,0.0,0.0,0.5,1.0,0.5,4.5429,4.3801,-0.1628,4.7058,4.3801,category:action,
AE23EHH67J4R3SGNZJRRRH2LGODQ,10,exploration,0.65,2,1,1,1,0,0.5,0.5,1.0,0.5,3.5,7.0,3.5,4.2853,3.0693,-1.2159,5.5012,3.0693,category:westerns,
AE23EJHEBYTM7HAB7LDEW42F7DQA,5,exploration,0.65,2,1,1,1,0,0.5,0.0,0.0,0.0,3.5,7.0,3.5,3.9526,2.5241,-1.4286,5.3812,2.5241,category:musicals,
AE23FIRSZNKZYXC5B6YMQ5DMB2IQ,5,exploration,0.65,2,0,1,2,0,0.0,0.0,0.0,0.0,0.0,0.0,0.0,5.4261,0.0,-5.4261,5.4261,0.0,category:christmas;category:holidays_&_seasonal,
AE23HSAQOH47OLODQCA3TQ5SEAMA,13,exploration,0.65,2,0,1,2,0,0.0,0.0,0.0,0.0,0.0,0.0,0.0,6.2972,0.0,-6.2972,6.2972,0.0,category:oscar_nominees;category:science_fiction,
AE23I5OBDMP4M37I3JVV35VKQKVA,5,exploration,0.65,3,2,1,1,0,0.6667,0.0,0.0,0.0,1.3333,2.0,0.6667,6.2178,5.4261,-0.7917,7.8013,5.4261,category:made-for-tv_movies,
AE23IKOXT352AVFIM7QVPI4M7STQ,5,exploration,0.65,2,1,1,1,0,0.5,0.0,0.0,0.0,1.0,2.0,1.0,5.8171,4.3801,-1.437,7.2541,4.3801,category:malicious,
AE23JYHGEN3D35CHE5OQQYJOW5RA,6,exploration,0.75,2,1,1,1,0,0.5,0.0,0.0,0.0,3.0,6.0,3.0,3.8957,2.8168,-1.0789,4.9746,2.8168,category:music_videos_&_concerts,
AE23K3IUSXN4BIL4AASNMXZGZQHQ,25,exploration,0.65,2,1,1,1,0,0.5,0.0,0.0,0.0,1.0,2.0,1.0,5.4038,4.3801,-1.0236,6.4274,4.3801,category:international,
AE23LB4VFMG3I2ZROHWFRVSTYEMQ,6,exploration,0.55,2,1,1,1,0,0.5,0.0,0.0,0.0,0.5,1.0,0.5,5.4807,4.7058,-0.7749,6.2556,4.7058,category:historical,
AE23M6TXSPXPTZS4KEE2LESUPOMQ,9,exploration,0.65,2,0,1,2,0,0.0,0.0,0.0,0.0,0.0,0.0,0.0,6.1246,0.0,-6.1246,6.1246,0.0,category:feel-good;category:romance,
AE23M7RCFNFUR3PK63F6NQEFZI4A,7,exploration,0.65,2,0,1,2,0,0.0,0.0,0.0,0.0,0.0,0.0,0.0,6.0594,0.0,-6.0594,6.0594,0.0,category:sports;category:touching,
AE23MHUESJO4TCYDHGF57LFYLGZA,5,exploration,0.65,2,1,1,1,0,0.5,0.5,1.0,0.5,0.5,1.0,0.5,7.0849,5.8241,-1.2607,8.3456,5.8241,category:faith_and_spirituality,
AE23NFYGMBL5UUKZFLEE3BSBVCTQ,5,exploration,0.65,2,1,1,1,0,0.5,0.0,0.0,0.0,1.0,2.0,1.0,4.1303,3.8804,-0.2499,4.3801,3.8804,category:suspense,
AE23NRC5FJ362URTQ23D3VFLCQ5Q,8,exploration,0.55,2,1,1,1,0,0.5,0.0,0.0,0.0,2.5,5.0,2.5,4.8094,2.8168,-1.9927,6.8021,2.8168,category:3-6_years,
AE23NUFS2SVO4E6ANPMVVSGDMJ7A,18,exploration,0.65,2,1,1,1,0,0.5,0.0,0.0,0.0,0.5,1.0,0.5,5.0214,4.7854,-0.236,5.2575,4.7854,category:romance,
AE23NWF5CMG4K5ODV5PFVZLNW7ZA,18,exploration,0.65,2,1,1,1,0,0.5,0.0,0.0,0.0,2.0,4.0,2.0,4.4242,3.5909,-0.8333,5.2575,3.5909,category:romance,
AE23O77R3JZQRFZLMRSOYF6TECDA,10,exploration,0.75,2,0,1,2,0,0.0,0.0,0.0,0.0,0.0,0.0,0.0,5.3487,0.0,-5.3487,5.3487,0.0,category:animation;category:kids,
AE23ODC7ZTIXU6TB4FXFVXILUR2Q,5,exploration,0.65,2,1,1,1,0,0.5,0.0,0.0,0.0,0.5,1.0,0.5,5.7448,5.2575,-0.4874,6.2322,5.2575,category:charming,
AE23P4DU6T2WA2UJHYZ4W3WLAHZA,6,exploration,0.65,2,1,1,1,0,0.5,0.0,0.0,0.0,2.5,5.0,2.5,5.8401,2.8168,-3.0234,8.8635,2.8168,category:sci-fi_series_&_sequels,
AE23QFXVDNWP54TVNUOS2O2RT6TA,13,exploration,0.65,2,1,1,1,0,0.5,0.0,0.0,0.0,2.0,4.0,2.0,4.5554,3.5909,-0.9645,5.5199,3.5909,category:special_interest,
AE23QGXBN45Q7X7E6JN37PY4KN2Q,5,exploration,0.65,2,1,1,1,0,0.5,0.0,0.0,0.0,0.5,1.0,0.5,5.6104,5.0411,-0.5692,6.1796,5.0411,category:eerie,
AE23QNTLDREJNPIWWJE3TXDN27VA,18,exploration,0.65,2,0,1,2,0,0.0,0.0,0.0,0.0,0.0,0.0,0.0,5.6751,0.0,-5.6751,5.6751,0.0,category:suspense;category:western,
AE23RT5M2RLPZBYKKRV2LIDQJ7AA,13,exploration,0.65,2,0,1,2,0,0.0,0.0,0.0,0.0,0.0,0.0,0.0,7.714,0.0,-7.714,7.714,0.0,category:heartwarming;category:outrageous,
AE23SYBEIDLYHFPKM37IKW7AHEWQ,6,exploration,0.55,1,0,1,1,0,0.0,0.0,0.0,0.0,0.0,0.0,0.0,5.5199,0.0,-5.5199,5.5199,0.0,category:special_interest,
AE23TSEI7RQEHYC75KON52JOIABA,5,exploration,0.65,2,1,1,1,0,0.5,0.0,0.0,0.0,3.5,7.0,3.5,4.1683,2.8168,-1.3516,5.5199,2.8168,category:special_interest,
AE23V7PH5JW2BU6NCALZ5MLKWS2Q,5,exploration,0.65,2,0,1,2,0,0.0,0.0,0.0,0.0,0.0,0.0,0.0,7.3839,0.0,-7.3839,7.3839,0.0,category:atmospheric;category:malicious,
AE23VB33SMXJ6AJH7UISSQ7JJJ2Q,10,exploration,0.65,3,2,1,1,0,0.6667,0.0,0.0,0.0,0.6667,1.0,0.3333,4.4468,4.04,-0.4068,5.2604,4.04,category:bbc,
AE23W3YRURZ5C4FSKB5YHMIE53IA,11,exploration,0.65,2,1,1,1,0,0.5,0.0,0.0,0.0,4.5,9.0,4.5,3.4521,2.5241,-0.928,4.3801,2.5241,category:suspense,
AE23WBH7MTXPOO73JKCM4E7VYBBQ,24,exploration,0.65,2,1,1,1,0,0.5,0.0,0.0,0.0,0.5,1.0,0.5,7.2771,6.7151,-0.562,7.839,6.7151,category:lgbtq,
AE23WLYAJ44E7RNBNFMWP65LLJTA,10,exploration,0.65,2,0,1,2,0,0.0,0.0,0.0,0.0,0.0,0.0,0.0,7.4667,0.0,-7.4667,7.4667,0.0,category:mother's_day_gift_ideas_in_movies_&_tv;category:the_tragedies,
AE23XMH2GHPALSEKDKF66F4C4NFQ,5,exploration,0.65,2,1,1,1,0,0.5,0.0,0.0,0.0,0.5,1.0,0.5,4.9359,3.7852,-1.1506,6.0865,3.7852,category:unscripted,
AE23XOPBDNYJPWTZY5Z3PWRP2MVQ,11,exploration,0.65,2,1,1,1,0,0.5,0.0,0.0,0.0,1.0,2.0,1.0,5.569,3.0693,-2.4996,8.0686,3.0693,category:mtv,
AE23Y77GQXE3G7IGY5636NCV5UCQ,6,exploration,0.65,3,2,1,1,0,0.6667,0.0,0.0,0.0,1.6667,2.5,0.8333,6.6203,5.7985,-0.8218,8.2639,5.7985,category:sentimental,
AE23YZBZDE5IQQNHBZQLM3U7HSAQ,5,exploration,0.55,2,1,1,1,0,0.5,0.0,0.0,0.0,1.0,2.0,1.0,4.5554,3.5909,-0.9645,5.5199,3.5909,category:special_interest,
AE23ZLT2QYU6NIHTBMOG3ZRDSRGQ,20,exploration,0.65,2,0,1,2,0,0.0,0.0,0.0,0.0,0.0,0.0,0.0,4.7573,0.0,-4.7573,4.7573,0.0,category:adventure;category:science_fiction,
AE23ZXKK5DLCLNND7TSMJOAZQBCQ,8,exploration,0.65,2,1,1,1,0,0.5,0.0,0.0,0.0,0.5,1.0,0.5,4.5228,3.7852,-0.7376,5.2604,3.7852,category:bbc,
AE242MZI4IZJW5Z4DIWC33BMFEEQ,9,exploration,0.65,2,1,1,1,0,0.5,0.0,0.0,0.0,0.5,1.0,0.5,4.9701,3.5909,-1.3792,6.3493,3.5909,category:inspiring,
AE243OC65VRN3P5CLF2V7UNPCDLA,5,exploration,0.65,2,0,1,2,0,0.0,0.0,0.0,0.0,0.0,0.0,0.0,5.3226,0.0,-5.3226,5.3226,0.0,category:cerebral;category:sports,
AE243ZIFL3AGLO7WGLRPLL2S3LMA,39,exploration,0.65,2,0,1,2,0,0.0,0.0,0.0,0.0,0.0,0.0,0.0,7.6835,0.0,-7.6835,7.6835,0.0,category:inspiring;category:nostalgic,
AE2453ENYJZVLD6V3SZQ3OCDHHYQ,14,exploration,0.75,2,0,1,2,0,0.0,0.0,0.0,0.0,0.0,0.0,0.0,7.7249,0.0,-7.7249,7.7249,0.0,category:feel-good;category:outrageous,
AE245ZVLDSWQ3CJ2ZLZEQNTLQOHQ,6,exploration,0.65,2,1,1,1,0,0.5,0.0,0.0,0.0,2.5,5.0,2.5,3.9083,2.8168,-1.0915,4.9998,2.8168,category:special_interests,
AE246ANKH7KKGLURXNOVU7AB4PUA,24,exploration,0.65,2,1,1,1,0,0.5,0.0,0.0,0.0,1.0,2.0,1.0,5.3803,3.7852,-1.5951,6.9754,3.7852,category:mystery_&_suspense,
AE246BFHX6UXON44WOEWQ3YNDYKQ,16,exploration,0.65,2,1,1,1,0,0.5,0.0,0.0,0.0,0.5,1.0,0.5,4.7573,3.9821,-0.7753,5.5326,3.9821,category:adventure,
AE246TZDSH66XRPW4QDTC4CUE7NA,10,exploration,0.65,2,1,1,1,0,0.5,0.0,0.0,0.0,1.0,2.0,1.0,3.9855,3.5909,-0.3946,4.3801,3.5909,category:suspense,
AE246VGU6RVB7XEMHMX7VUOJPLEA,6,exploration,0.55,2,1,1,1,0,0.5,0.0,0.0,0.0,2.0,4.0,2.0,3.4521,2.5241,-0.928,4.3801,2.5241,category:suspense,
AE24A2N4DCVH344CW5NY3VJ5Q6TA,5,exploration,0.65,2,1,1,1,0,0.5,0.0,0.0,0.0,1.0,2.0,1.0,4.04,4.098,0.058,3.9821,4.098,category:science_fiction,
AE24ALJOIQJOIBV3YCRBIS4EKX2A,32,exploration,0.65,2,1,1,1,0,0.5,0.0,0.0,0.0,0.5,1.0,0.5,5.1021,4.3801,-0.722,5.8241,4.3801,category:kids,
AE24AORQZR4UWCMWFAT2LQZQZJXA,6,exploration,0.65,2,1,1,1,0,0.5,0.0,0.0,0.0,1.0,2.0,1.0,4.3329,4.7854,0.4525,3.8804,4.7854,category:horror,
AE24AWUPGTL5QQ2A6O3S3GLLZQ4Q,14,exploration,0.65,2,1,1,1,0,0.5,0.0,0.0,0.0,0.5,1.0,0.5,5.6514,4.3801,-1.2713,6.9227,4.3801,category:military_and_war,
AE24DIDVHZ4S6XUBWOV3LDWQ67MQ,11,exploration,0.65,2,0,1,2,0,0.0,0.0,0.0,0.0,0.0,0.0,0.0,8.087,0.0,-8.087,8.087,0.0,category:award_winners_in_movies_&_tv;category:golden_globe_nominees,
AE24DNIHPGZHYTD5HQLHVYGODJ7Q,9,exploration,0.65,2,1,1,1,0,0.5,0.0,0.0,0.0,3.0,6.0,3.0,4.4755,2.8168,-1.6588,6.1343,2.8168,category:fun,
AE24ENQCA2CWF562HWK25WKAT6TA,5,exploration,0.65,2,1,1,1,0,0.5,0.0,0.0,0.0,1.0,2.0,1.0,4.3799,3.7852,-0.5947,4.9746,3.7852,category:music_videos_&_concerts,
AE24FFSUQHE3J6NYBICB7V2WHUAA,23,exploration,0.65,2,1,1,1,0,0.5,0.0,0.0,0.0,1.0,2.0,1.0,4.7408,4.7758,0.035,4.7058,4.7758,category:action,
AE24FGTDTV4FITNF3XKHZNS7DM7Q,5,exploration,0.65,2,0,1,2,0,0.0,0.0,0.0,0.0,0.0,0.0,0.0,6.3957,0.0,-6.3957,6.3957,0.0,category:beautiful;category:fantasy,
AE24FML5FNNUZJBK2ERHUIZLN6WA,6,exploration,0.65,2,1,1,1,0,0.5,0.0,0.0,0.0,0.5,1.0,0.5,6.2513,5.5326,-0.7187,6.97,5.5326,category:heartwarming,
AE24GLZD4AVQUPJZOXHCK5WEWYOQ,9,exploration,0.65,2,1,1,1,0,0.5,0.0,0.0,0.0,1.5,3.0,1.5,4.1303,3.8804,-0.2499,4.3801,3.8804,category:suspense,
AE24HH6H5WQMAXMFKJB7KKMLEB5Q,5,exploration,0.55,2,0,1,2,0,0.0,0.0,0.0,0.0,0.0,0.0,0.0,6.2383,0.0,-6.2383,6.2383,0.0,category:mystery_&_suspense;category:westerns,
AE24IEZE5SGQ5M3RVPNDKX7BXSIQ,5,exploration,0.65,1,0,1,1,0,0.0,0.0,0.0,0.0,0.0,0.0,0.0,5.5012,0.0,-5.5012,5.5012,0.0,category:westerns,
AE24J37A2EAPWFVECP2SEZJHQCBQ,17,exploration,0.65,2,1,1,1,0,0.5,0.0,0.0,0.0,2.0,4.0,2.0,4.996,3.0693,-1.9267,6.9227,3.0693,category:award_winners_in_movies_&_tv,
AE24J54EXZEVKR4YJZDBNHKSRSPA,10,exploration,0.65,2,0,1,2,0,0.0,0.0,0.0,0.0,0.0,0.0,0.0,6.9953,0.0,-6.9953,6.9953,0.0,category:adventure;category:outrageous,
AE24JWNDHND5P4L42HYODCQMJTMA,7,exploration,0.65,2,0,1,2,0,0.0,0.0,0.0,0.0,0.0,0.0,0.0,5.8859,0.0,-5.8859,5.8859,0.0,category:mother's_day_gift_ideas_in_movies_&_tv;category:suspense,
AE24KC7BN32F7DJH43ZABLCPVNFQ,12,exploration,0.65,3,2,1,1,0,0.6667,0.0,0.0,0.0,2.3333,3.5,1.1667,3.8907,3.3994,-0.4913,4.8732,3.3994,category:animation,
AE24L2VQKHAST2R2RHIPKJ4IIEDQ,6,exploration,0.65,2,0,1,2,0,0.0,0.0,0.0,0.0,0.0,0.0,0.0,5.3048,0.0,-5.3048,5.3048,0.0,category:fantasy;category:kids,
AE24MJAFZU3ZB4ZGBOHL2QVCFGOQ,5,exploration,0.65,3,1,1,2,0,0.3333,0.0,0.0,0.0,0.3333,1.0,0.6667,5.7959,4.8732,-0.9227,6.2573,4.8732,category:cheerful;category:kids,
AE24MMT7OKPL4VLBEH2YPNWZ3HLQ,7,exploration,0.65,2,1,1,1,0,0.5,0.0,0.0,0.0,1.0,2.0,1.0,4.4417,4.098,-0.3437,4.7854,4.098,category:fantasy,
AE24MSEHBLMPQJFXC5FQTEKMI2XQ,9,exploration,0.65,2,1,1,1,0,0.5,0.0,0.0,0.0,1.5,3.0,1.5,3.845,2.8168,-1.0282,4.8732,2.8168,category:animation,
AE24MXGS7FJ22ZJJXWQQ4JKFJUJA,12,exploration,0.65,2,1,1,1,0,0.5,0.0,0.0,0.0,3.5,7.0,3.5,3.4521,2.5241,-0.928,4.3801,2.5241,category:suspense,
AE24NZTGBBLEVF2MK4IYVFU35TWQ,5,exploration,0.55,2,1,1,1,0,0.5,0.0,0.0,0.0,4.5,9.0,4.5,3.4521,2.5241,-0.928,4.3801,2.5241,category:suspense,
AE24OPR6KE4EXBGZ4DCKMASWAH7A,21,exploration,0.65,2,1,1,1,0,0.5,0.0,0.0,0.0,5.0,10.0,5.0,3.845,2.8168,-1.0282,4.8732,2.8168,category:animation,
AE24ORPSYRKSISEW4GYFFJDM2VTA,11,exploration,0.65,2,1,1,1,0,0.5,0.0,0.0,0.0,2.0,4.0,2.0,4.4256,3.5909,-0.8347,5.2604,3.5909,category:bbc,
AE24PCBYJPR74JI7WAPHETBBIAEA,60,exploration,0.65,2,0,1,2,0,0.0,0.0,0.0,0.0,0.0,0.0,0.0,6.9881,0.0,-6.9881,6.9881,0.0,category:compelling;category:sensual,
AE24PO4CMV2J25EEXTKR33XZLLQQ,7,exploration,0.65,2,1,1,1,0,0.5,0.0,0.0,0.0,3.5,7.0,3.5,3.7963,2.8168,-0.9795,4.7758,2.8168,category:exercise_&_fitness,
AE24QLRI4AGJZ2NVC5UWRR5EZFHA,6,exploration,0.65,2,1,1,1,0,0.5,0.0,0.0,0.0,3.5,7.0,3.5,3.4521,2.5241,-0.928,4.3801,2.5241,category:suspense,
AE24QRZTBBBH22K2HECRMMTPGKIQ,13,exploration,0.65,3,2,1,1,0,0.6667,0.0,0.0,0.0,2.0,3.0,1.0,3.9842,3.5837,-0.4006,4.7854,3.5837,category:fantasy,
AE24RDCZI6XJFOQFAGXPQVMVHWJQ,11,exploration,0.65,2,0,1,2,0,0.0,0.0,0.0,0.0,0.0,0.0,0.0,4.9243,0.0,-4.9243,4.9243,0.0,category:exercise_&_fitness;category:musicals_&_performing_arts,
AE24UXOBYIV4KKDTR776T3Y4QFIQ,48,exploration,0.55,1,0,1,1,0,0.0,0.0,0.0,0.0,0.0,0.0,0.0,3.8804,0.0,-3.8804,3.8804,0.0,category:horror,
AE24WNKZZJ2UAHF3JV5LJJXNLSTQ,5,exploration,0.65,2,0,1,2,0,0.0,0.0,0.0,0.0,0.0,0.0,0.0,7.2219,0.0,-7.2219,7.2219,0.0,category:christmas;category:timeless_holiday_favorites,
AE24X3ADFYQTHGMRRGQQ4HWODM7A,10,exploration,0.65,3,1,1,2,0,0.3333,0.0,0.0,0.0,2.3333,7.0,4.6667,5.9453,2.5241,-3.4212,7.6559,2.5241,category:abc_tv_shows;category:award_winners_in_movies_&_tv,
AE24XI5YKCF3JMCJ5KNSQVOXJUZQ,5,exploration,0.65,2,1,1,1,0,0.5,0.0,0.0,0.0,1.0,2.0,1.0,4.6432,5.5012,0.858,3.7852,5.5012,category:kids_&_family,
AE24XTKVTVHKK75BCXTOUQHHSUAA,8,exploration,0.65,2,1,1,1,0,0.5,0.5,1.0,0.5,0.5,1.0,0.5,6.2007,6.9754,0.7746,5.4261,6.9754,category:holidays_&_seasonal,
AE24YOUZLWRYLZARC52LZLJWN4BA,5,exploration,0.65,2,1,1,1,0,0.5,0.0,0.0,0.0,0.5,1.0,0.5,4.3777,4.9703,0.5925,3.7852,4.9703,category:kids_&_family,
AE24YXYV5ATWJAMUCGJXQLNAHSNA,6,exploration,0.65,2,0,1,2,0,0.0,0.0,0.0,0.0,0.0,0.0,0.0,7.248,0.0,-7.248,7.248,0.0,category:charming;category:sentimental,
AE2533EH3UCYZPX7BZXCGXAK4DHQ,15,exploration,0.65,2,0,1,2,0,0.0,0.0,0.0,0.0,0.0,0.0,0.0,5.7448,0.0,-5.7448,5.7448,0.0,category:charming;category:romance,
AE2543GKZXG57GGGT7DM45QFOMGQ,5,exploration,0.65,2,1,1,1,0,0.5,0.5,1.0,0.5,4.0,8.0,4.0,4.2853,3.0693,-1.2159,5.5012,3.0693,category:westerns,
AE255OR3EPBLIDGZISLXJ6QEJS7Q,6,exploration,0.65,2,1,1,1,0,0.5,0.0,0.0,0.0,0.5,1.0,0.5,6.1239,6.7151,0.5912,5.5326,6.7151,category:adventure,
AE256V42W2CCCZGBORGD2I4B4GBA,5,exploration,0.55,2,1,1,1,0,0.5,0.0,0.0,0.0,0.5,1.0,0.5,4.6198,3.9821,-0.6377,5.2575,3.9821,category:romance,
AE257LEEYMWZ4LBMW73DNCZYVEYA,6,exploration,0.65,2,0,1,2,0,0.0,0.0,0.0,0.0,0.0,0.0,0.0,7.3038,0.0,-7.3038,7.3038,0.0,category:award_winners_in_movies_&_tv;category:oscar_central,
AE25A5UEX3KAWUKGRUE6CEEIEIGQ,5,exploration,0.65,2,0,1,2,0,0.0,0.0,0.0,0.0,0.0,0.0,0.0,5.7565,0.0,-5.7565,5.7565,0.0,category:historical;category:romance,
AE25BYSBS63V722ULGC2AKOMR7TQ,16,exploration,0.65,2,0,1,2,0,0.0,0.0,0.0,0.0,0.0,0.0,0.0,5.7589,0.0,-5.7589,5.7589,0.0,category:adventure;category:compelling,
AE25D3KIEX2T6NUZMYBCTYXWMNFA,16,exploration,0.65,2,0,1,2,0,0.0,0.0,0.0,0.0,0.0,0.0,0.0,5.03,0.0,-5.03,5.03,0.0,category:eerie;category:horror,
AE25DKGT3NHOCVFTEBPN2CL5KBNQ,5,exploration,0.65,2,1,1,1,0,0.5,0.0,0.0,0.0,4.0,8.0,4.0,3.4521,2.5241,-0.928,4.3801,2.5241,category:suspense,
AE25ER3DYCBUBV6LF7BCNGPYVWVQ,5,exploration,0.55,2,1,1,1,0,0.5,0.0,0.0,0.0,2.5,5.0,2.5,3.845,2.8168,-1.0282,4.8732,2.8168,category:animation,
AE25EXEKPQDMNX2MNYID4OYBCBBQ,12,exploration,0.65,2,1,1,1,0,0.5,0.0,0.0,0.0,2.5,5.0,2.5,5.3716,3.0693,-2.3023,7.674,3.0693,category:sci_fi_channel,
AE25F3ZMOTFJXLDQLN4JFAQ2GYSA,5,exploration,0.55,2,1,1,1,0,0.5,0.0,0.0,0.0,6.0,12.0,6.0,3.4521,2.5241,-0.928,4.3801,2.5241,category:suspense,
AE25FKYQWD72G7BMOORMYWYNLRTA,7,exploration,0.65,2,1,1,1,0,0.5,0.0,0.0,0.0,1.5,3.0,1.5,5.0699,4.3801,-0.6897,5.7596,4.3801,category:emotional,
AE25FTQOFYLPVJJ3RN5KNDKCSKRQ,10,exploration,0.65,2,0,1,2,0,0.0,0.0,0.0,0.0,0.0,0.0,0.0,5.4261,0.0,-5.4261,5.4261,0.0,category:christmas;category:holidays_&_seasonal,
AE25GGNWBDFS7AV46C2W34APJBUQ,27,exploration,0.65,2,0,1,2,0,0.0,0.0,0.0,0.0,0.0,0.0,0.0,7.3516,0.0,-7.3516,7.3516,0.0,category:exciting;category:sophisticated,
AE25GZZNAIMNCEMYGO54YNTJGRZQ,6,exploration,0.65,2,1,1,1,0,0.5,0.0,0.0,0.0,3.0,6.0,3.0,3.9855,3.5909,-0.3946,4.3801,3.5909,category:suspense,
AE25HMXVSYFQS6YFWVSPX23DSP5Q,7,exploration,0.65,2,1,1,1,0,0.5,0.0,0.0,0.0,3.5,7.0,3.5,4.4914,3.0693,-1.4221,5.9135,3.0693,category:hbo,
AE25I3KCAVOUGGSD73RMSTQMTRRQ,9,exploration,0.65,2,1,1,1,0,0.5,0.0,0.0,0.0,1.0,2.0,1.0,4.1811,3.9821,-0.199,4.3801,3.9821,category:suspense,
AE25IIUHBAPBQQRZF5BWCUHKQ4WQ,9,exploration,0.55,2,1,1,1,0,0.5,0.0,0.0,0.0,4.5,9.0,4.5,4.3053,2.5241,-1.7812,6.0865,2.5241,category:unscripted,
AE25IX5KUX3CMQTH5RBIQLALGZ7Q,6,exploration,0.65,2,1,1,1,0,0.5,0.0,0.0,0.0,0.5,1.0,0.5,6.2417,5.2575,-0.9842,7.2259,5.2575,category:bleak,
AE25KTZWVUDB6GZX4PCDP2ZWZGJA,6,exploration,0.65,2,0,1,2,0,0.0,0.0,0.0,0.0,0.0,0.0,0.0,4.996,0.0,-4.996,4.996,0.0,category:action_&_adventure;category:award_winners_in_movies_&_tv,
AE25LAEV4TIQXUIBSHLJURSQH45Q,11,exploration,0.65,2,1,1,1,0,0.5,0.0,0.0,0.0,2.5,5.0,2.5,4.022,3.0693,-0.9527,4.9746,3.0693,category:music_videos_&_concerts,
AE25LF7MTBVG4F4RHTOBOXJX763A,24,exploration,0.65,3,2,1,1,0,0.6667,0.0,0.0,0.0,3.6667,5.5,1.8333,4.4261,2.7967,-1.6294,7.6849,2.7967,category:oscar_central,
AE25MCLKPMLNRASMSQDQVZN4QO3A,37,exploration,0.65,2,1,1,1,0,0.5,0.0,0.0,0.0,5.5,11.0,5.5,4.0126,2.5241,-1.4886,5.5012,2.5241,category:westerns,
AE25NPPNXR5TPN3TPAS5XLZQUWWQ,5,exploration,0.65,2,1,1,1,0,0.5,0.0,0.0,0.0,3.0,6.0,3.0,5.0329,2.5241,-2.5089,7.5418,2.5241,category:the_tragedies,
AE25ODV5EXU6ZOPN7RCCGGSQC63A,8,exploration,0.65,2,1,1,1,0,0.5,0.0,0.0,0.0,4.0,8.0,4.0,5.7145,2.8168,-2.8977,8.6122,2.8168,category:oscar_nominees,
AE25OH3EB6UBTHIKC7DDWUJXE7ZA,7,exploration,0.75,2,0,1,2,0,0.0,0.0,0.0,0.0,0.0,0.0,0.0,6.5713,0.0,-6.5713,6.5713,0.0,category:gentle;category:international,
AE25PF5PFWDAGY4YEZR3DYOSDURQ,6,exploration,0.65,2,1,1,1,0,0.5,0.0,0.0,0.0,3.0,6.0,3.0,4.8697,2.8168,-2.053,6.9227,2.8168,category:award_winners_in_movies_&_tv,
AE25PWX4V6Y7FDCSUBQQLPY6D3XQ,7,exploration,0.65,2,0,1,2,0,0.0,0.0,0.0,0.0,0.0,0.0,0.0,5.7448,0.0,-5.7448,5.7448,0.0,category:charming;category:romance,
AE25TKQUJA5IMNNPR2GNVY6CY5IA,12,exploration,0.65,2,1,1,1,0,0.5,0.0,0.0,0.0,1.0,2.0,1.0,4.5245,2.8168,-1.7077,6.2322,2.8168,category:charming,
AE25UNARITXYLMMUZAETFLUCA6OQ,9,exploration,0.65,2,1,1,1,0,0.5,0.0,0.0,0.0,0.5,1.0,0.5,5.0435,4.7058,-0.3377,5.3812,4.7058,category:musicals,
AE25UPOFUHB7MKDPERGBQU4REHLA,15,exploration,0.65,2,1,1,1,0,0.5,0.0,0.0,0.0,0.5,1.0,0.5,5.9725,4.8732,-1.0993,7.0718,4.8732,category:dreamlike,
AE25UXYQS3RBJBA2TTPM4TTZCWPA,9,exploration,0.65,2,0,1,2,0,0.0,0.0,0.0,0.0,0.0,0.0,0.0,4.9007,0.0,-4.9007,4.9007,0.0,category:action;category:mystery_&_thrillers,
AE25W53HDCWIF3S2C4YTBQJI4ZKQ,12,exploration,0.65,2,0,1,2,0,0.0,0.0,0.0,0.0,0.0,0.0,0.0,5.6483,0.0,-5.6483,5.6483,0.0,category:historical;category:sports,
AE25WS5G5VQYYJ6O64PE654BEQZA,7,exploration,0.55,2,1,1,1,0,0.5,0.0,0.0,0.0,0.5,1.0,0.5,5.7565,5.2575,-0.4991,6.2556,5.2575,category:historical,
AE25WYX4MIO2QS3HUPSPGDENQ5OQ,10,exploration,0.75,3,2,1,1,0,0.6667,0.0,0.0,0.0,3.0,4.5,1.5,3.6606,2.943,-0.7176,5.0957,2.943,category:mystery_&_thrillers,
AE25X5QK25C7E5YYDT5QWGOG2CTA,6,exploration,0.65,2,1,1,1,0,0.5,0.0,0.0,0.0,3.5,7.0,3.5,5.0329,2.5241,-2.5089,7.5418,2.5241,category:the_tragedies,
AE25YBZTMTCSDF5JUEXNTN4QLIRA,9,exploration,0.65,2,0,1,2,0,0.0,0.0,0.0,0.0,0.0,0.0,0.0,4.1303,0.0,-4.1303,4.1303,0.0,category:horror;category:suspense,
AE25ZBZKCPUBJEUKUDWSQ2DGB2IA,28,exploration,0.65,2,0,1,2,0,0.0,0.0,0.0,0.0,0.0,0.0,0.0,5.898,0.0,-5.898,5.898,0.0,category:animation;category:award_winners_in_movies_&_tv,
AE263RSXAOTB4DN6RDOX5CSJYMQQ,27,exploration,0.65,2,1,1,1,0,0.5,0.0,0.0,0.0,0.5,1.0,0.5,6.3957,4.7854,-1.6103,8.0061,4.7854,category:beautiful,
AE263SYSBBIDXV7QJBV4OPSAUD2Q,15,exploration,0.65,2,1,1,1,0,0.5,0.0,0.0,0.0,4.0,8.0,4.0,4.9579,2.5241,-2.4338,7.3917,2.5241,category:mother's_day_gift_ideas_in_movies_&_tv,
AE2643HKBWNJDXI4IQBQCGLTRWHA,5,exploration,0.65,2,1,1,1,0,0.5,0.0,0.0,0.0,1.0,2.0,1.0,4.9707,3.9821,-0.9886,5.9594,3.9821,category:fox_tv,
AE26455ZB6RLBP3VJCKV75PELT6Q,6,exploration,0.65,2,1,1,1,0,0.5,0.0,0.0,0.0,0.5,1.0,0.5,4.9564,4.3801,-0.5762,5.5326,4.3801,category:adventure,
AE26532QRUFX7USUODBWT5A6PRIQ,5,exploration,0.65,2,1,1,1,0,0.5,0.0,0.0,0.0,1.5,3.0,1.5,4.3329,3.8804,-0.4525,4.7854,3.8804,category:fantasy,
AE266N6IJXAIIXDHUQGDY4GD5KSQ,20,exploration,0.65,2,1,1,1,0,0.5,0.0,0.0,0.0,3.0,6.0,3.0,3.2531,2.5241,-0.729,3.9821,2.5241,category:science_fiction,
AE266UKZUDBLSCOQ2XZ36QFTEW6Q,9,exploration,0.65,2,0,1,2,0,0.0,0.0,0.0,0.0,0.0,0.0,0.0,7.5397,0.0,-7.5397,7.5397,0.0,category:contemplative;category:inspiring,
AE26BEJRQAVRGFPXZAYAKYIQCHEA,5,exploration,0.65,2,1,1,1,0,0.5,0.0,0.0,0.0,0.5,1.0,0.5,5.1571,3.8804,-1.2766,6.4337,3.8804,category:dark,
AE26BKTUZLNKXFA657UXPDY7K7EQ,11,exploration,0.75,3,0,1,3,0,0.0,0.0,0.0,0.0,0.0,0.0,0.0,7.5987,0.0,-7.5987,7.5987,0.0,category:award_winners_in_movies_&_tv;category:oscar_central;category:past_oscar_winners,
AE26BMD3RGSNXT7ZXYY373BMWQZA,5,exploration,0.65,2,0,1,2,0,0.0,0.0,0.0,0.0,0.0,0.0,0.0,7.0612,0.0,-7.0612,7.0612,0.0,"category:arts,_entertainment,_and_culture;category:bold",
AE26CGLCA3TPUGOFLYSPZ7VJEQWA,12,exploration,0.55,2,1,1,1,0,0.5,0.0,0.0,0.0,4.5,9.0,4.5,3.4521,2.5241,-0.928,4.3801,2.5241,category:suspense,
AE26CKUHCONSSU4DOHU2XWIH6CKA,5,exploration,0.65,2,0,1,2,0,0.0,0.0,0.0,0.0,0.0,0.0,0.0,5.4261,0.0,-5.4261,5.4261,0.0,category:christmas;category:holidays_&_seasonal,
AE26CTO5GJNR52EVFCHZLFEVRXDQ,7,exploration,0.65,2,1,1,1,0,0.5,0.0,0.0,0.0,2.5,5.0,2.5,5.2804,3.5909,-1.6895,6.97,3.5909,category:heartwarming,
AE26CUTZ3I45NHE2J64LC2JWPCPA,8,exploration,0.65,2,1,1,1,0,0.5,0.0,0.0,0.0,0.5,1.0,0.5,5.0079,5.0411,0.0332,4.9746,5.0411,category:music_videos_&_concerts,
AE26DBIMJTWQUYKEB75B5E3LTE6A,9,exploration,0.65,2,1,1,1,0,0.5,0.0,0.0,0.0,1.0,2.0,1.0,4.6301,2.5241,-2.106,6.7362,2.5241,category:thrilling,
AE26DIN5RJVLKQWNO2RF4PKX33LA,8,exploration,0.65,2,1,1,1,0,0.5,0.0,0.0,0.0,2.0,4.0,2.0,5.3776,3.7852,-1.5924,6.97,3.7852,category:heartwarming,
AE26EMRGZSSQAOBWTULPM6KYW5NA,27,exploration,0.55,2,1,1,1,0,0.5,0.0,0.0,0.0,0.5,1.0,0.5,4.5429,4.3801,-0.1628,4.7058,4.3801,category:action,
AE26GXELYOX5D3MC3YPFS5S5BEQQ,29,exploration,0.75,2,0,1,2,0,0.0,0.0,0.0,0.0,0.0,0.0,0.0,7.545,0.0,-7.545,7.545,0.0,category:blaxploitation;category:cult_movies,
AE26H73PTAQXTWJE6TIDICFCMRIQ,5,exploration,0.65,2,1,1,1,0,0.5,0.0,0.0,0.0,3.0,6.0,3.0,3.9289,2.8168,-1.1122,5.0411,2.8168,category:sports,
AE26I23YLAUEGIL4ZH3QFWSDMXKQ,12,exploration,0.65,2,1,1,1,0,0.5,0.5,1.0,0.5,0.5,1.0,0.5,5.5155,4.098,-1.4175,6.933,4.098,category:sci-fi_action,
AE26J4F7HGSLGLRL5LNNJGQVBQ3A,7,exploration,0.65,2,1,1,1,0,0.5,0.0,0.0,0.0,1.0,2.0,1.0,4.1811,4.3801,0.199,3.9821,4.3801,category:science_fiction,
AE26JBQLYB4V4S62UBUM34RESNZQ,8,exploration,0.75,2,0,1,2,0,0.0,0.0,0.0,0.0,0.0,0.0,0.0,5.4412,0.0,-5.4412,5.4412,0.0,category:musicals;category:westerns,
AE26JJS4XGQUSJVNP6UKZ3PUAVWQ,8,exploration,0.65,3,1,1,2,0,0.3333,0.0,0.0,0.0,1.6667,5.0,3.3333,6.3142,3.0693,-3.2449,7.9366,3.0693,category:oscar_central;category:past_oscar_winners,
AE26K7BRMGIDXMJQ2AR6UQ5V4CVA,6,exploration,0.65,2,1,1,1,0,0.5,0.0,0.0,0.0,1.0,2.0,1.0,5.7084,5.0411,-0.6673,6.3757,5.0411,category:tense,
AE26L6HXY4XYDL7S2D4O2537VP6A,6,exploration,0.65,2,1,1,1,0,0.5,0.0,0.0,0.0,0.5,1.0,0.5,6.5314,6.0261,-0.5053,7.0367,6.0261,category:silent_films,
AE26LIE7I5FFT3ABUE2GCORWSW2A,6,exploration,0.65,2,1,1,1,0,0.5,0.0,0.0,0.0,1.0,2.0,1.0,4.9478,3.9821,-0.9657,5.9135,3.9821,category:hbo,
AE26M6ZIMP2HNLJT5V4IQWNHVEZQ,6,exploration,0.65,3,0,1,3,0,0.0,0.0,0.0,0.0,0.0,0.0,0.0,7.7399,0.0,-7.7399,7.7399,0.0,category:award_winners_in_movies_&_tv;category:oscar_central;category:oscar_nominees,
AE26MNC3LMKJ4B5L54A32EEUNJ3Q,5,exploration,0.65,2,1,1,1,0,0.5,0.0,0.0,0.0,0.5,1.0,0.5,5.3178,4.3801,-0.9377,6.2556,4.3801,category:historical,
AE26N5BRXPJ6PH2RXRAZFSMUJ2HQ,13,exploration,0.75,3,1,1,2,0,0.3333,0.0,0.0,0.0,0.3333,1.0,0.6667,5.5209,7.3917,1.8709,4.5854,7.3917,category:musicals_&_performing_arts;category:science_fiction_&_fantasy,
AE26OFYFMTNV5KLKSWC46OICJJ4A,31,exploration,0.65,3,2,1,1,0,0.6667,0.0,0.0,0.0,4.0,6.0,2.0,3.574,2.6704,-0.9036,5.3812,2.6704,category:musicals,
AE26PNURL7NH4YBPLHBHTZ3HXI4A,8,exploration,0.65,2,1,1,1,0,0.5,0.0,0.0,0.0,2.0,4.0,2.0,5.4114,2.8168,-2.5947,8.0061,2.8168,category:beautiful,
AE26QWXI2OZ4KCJPKNB6YZTNBR5Q,7,exploration,0.55,2,0,1,2,0,0.0,0.0,0.0,0.0,0.0,0.0,0.0,5.4261,0.0,-5.4261,5.4261,0.0,category:christmas;category:holidays_&_seasonal,
AE26R3R5SMWC6VKTMHU3JEZ62TYA,13,exploration,0.65,2,1,1,1,0,0.5,0.0,0.0,0.0,1.0,2.0,1.0,5.6751,4.3801,-1.2949,6.97,4.3801,category:western,
AE26RHFX4KZYHUFQFDYW7BFYL7UQ,12,exploration,0.55,2,1,1,1,0,0.5,0.0,0.0,0.0,3.5,7.0,3.5,3.4521,2.5241,-0.928,4.3801,2.5241,category:suspense,
AE26RKP6N7SYFZEB2MGLWVKL3KEQ,11,exploration,0.65,2,0,1,2,0,0.0,0.0,0.0,0.0,0.0,0.0,0.0,5.6335,0.0,-5.6335,5.6335,0.0,category:foreign_films;category:romance,
AE26SXRJIFAPNTGC6NNYHT76XBZQ,8,exploration,0.65,2,1,1,1,0,0.5,0.0,0.0,0.0,1.5,3.0,1.5,3.9713,3.0693,-0.902,4.8732,3.0693,category:animation,
AE26TVIQOYHONBRHCY33RC7VNQBQ,5,exploration,0.65,2,0,1,2,0,0.0,0.0,0.0,0.0,0.0,0.0,0.0,5.2029,0.0,-5.2029,5.2029,0.0,category:adventure;category:animation,
AE26VIRMWPRD4HTYOJBJ6I35O7WA,7,exploration,0.65,2,0,1,2,0,0.0,0.0,0.0,0.0,0.0,0.0,0.0,8.1486,0.0,-8.1486,8.1486,0.0,category:oscar_central;category:oscar_nominees,
AE26WLESPM5DYE2W7BOEQHPLWXKQ,10,exploration,0.75,3,2,1,1,0,0.6667,0.0,0.0,0.0,2.0,3.0,1.0,4.649,4.3433,-0.3057,5.2604,4.3433,category:bbc,
AE26X64ZG6MTJ7R7H44M5HKSMGKQ,5,exploration,0.65,2,1,1,1,0,0.5,0.0,0.0,0.0,0.5,1.0,0.5,5.0699,4.3801,-0.6897,5.7596,4.3801,category:emotional,
AE26YA37NS3KULWVLTHEIZL5ZHKQ,9,exploration,0.75,2,0,1,2,0,0.0,0.0,0.0,0.0,0.0,0.0,0.0,5.8406,0.0,-5.8406,5.8406,0.0,category:action;category:mystery_&_suspense,
AE272VXZDELD5CSORCDLGGRSX4EQ,7,exploration,0.65,2,1,1,1,0,0.5,0.0,0.0,0.0,1.0,2.0,1.0,6.6376,6.2556,-0.382,7.0196,6.2556,category:ambitious,
AE272XTIYQXC5R7SKOJTFM7ILE4Q,39,exploration,0.55,2,1,1,1,0,0.5,0.0,0.0,0.0,4.5,9.0,4.5,3.4521,2.5241,-0.928,4.3801,2.5241,category:suspense,
AE272YDLJ3TS6X7AZ3IWZNOZ47MQ,9,exploration,0.65,4,2,1,2,0,0.5,0.25,0.5,0.25,3.25,6.5,3.25,4.2633,3.3994,-0.8639,5.1272,3.3994,category:animation;category:musicals,
AE2737OEHKN7GM3OR2H6XJXXQEIQ,7,exploration,0.65,2,0,1,2,0,0.0,0.0,0.0,0.0,0.0,0.0,0.0,5.7589,0.0,-5.7589,5.7589,0.0,category:adventure;category:compelling,
AE274P7TIS3BSHSM354PQARWYAQA,11,exploration,0.65,2,1,1,1,0,0.5,0.0,0.0,0.0,3.0,6.0,3.0,3.8099,2.5241,-1.2858,5.0957,2.5241,category:mystery_&_thrillers,
AE2755YQKH2AXOXNYYDPF6X2NDHQ,15,exploration,0.65,2,1,1,1,0,0.5,0.0,0.0,0.0,2.5,5.0,2.5,3.8011,2.8168,-0.9843,4.7854,2.8168,category:fantasy,
AE275G6HSANTE33FGGINP464B44A,6,exploration,0.65,2,1,1,1,0,0.5,0.0,0.0,0.0,0.5,1.0,0.5,5.3061,4.3801,-0.926,6.2322,4.3801,category:charming,
AE277PP73NK5KJZRDN3J5KWZ3GUQ,30,exploration,0.65,2,0,1,2,0,0.0,0.0,0.0,0.0,0.0,0.0,0.0,5.4598,0.0,-5.4598,5.4598,0.0,category:fantasy;category:fun,
AE27BAQSLQGI35KNZVTJFHKQJM5A,5,exploration,0.65,2,1,1,1,0,0.5,0.0,0.0,0.0,1.5,3.0,1.5,4.3433,3.5909,-0.7524,5.0957,3.5909,category:mystery_&_thrillers,
AE27BVH6EDKO5RPVSYYBEHGPYTGQ,13,exploration,0.65,2,1,1,1,0,0.5,0.5,1.0,0.5,3.0,6.0,3.0,3.8922,2.5241,-1.3682,5.2604,2.5241,category:bbc,
AE27C72KZHPQWAC7LMOWLRWBEVJQ,5,exploration,0.65,2,0,1,2,0,0.0,0.0,0.0,0.0,0.0,0.0,0.0,7.6449,0.0,-7.6449,7.6449,0.0,category:award_winners_in_movies_&_tv;category:golden_globe_central,
AE27CEQNHTKK3HTERFM2ACIQCRPA,13,exploration,0.65,2,0,1,2,0,0.0,0.0,0.0,0.0,0.0,0.0,0.0,4.5429,0.0,-4.5429,4.5429,0.0,category:action;category:suspense,
AE27D27T3IPTKKISGBCPTGMTUPJA,7,exploration,0.65,2,0,1,2,0,0.0,0.0,0.0,0.0,0.0,0.0,0.0,5.0435,0.0,-5.0435,5.0435,0.0,category:action;category:musicals,
AE27DMJYOYDUOCQM4LMIC6LNX5DQ,9,exploration,0.75,3,1,1,2,0,0.3333,0.0,0.0,0.0,2.6667,8.0,5.3333,4.6048,2.8168,-1.788,5.4988,2.8168,category:classical;category:musicals_&_performing_arts,
AE27DTUHVWP3QSVT3TUP3KOJVQ2A,9,exploration,0.65,2,1,1,1,0,0.5,0.0,0.0,0.0,1.0,2.0,1.0,5.6099,5.2604,-0.3495,5.9594,5.2604,category:fox_tv,
AE27F3R7EF7CJ4IT35ZCIYX2IN6A,19,exploration,0.65,2,0,1,2,0,0.0,0.0,0.0,0.0,0.0,0.0,0.0,8.6933,0.0,-8.6933,8.6933,0.0,category:emmy_central;category:past_emmy_winners,
AE27F6MGAER2AX3RHMU637Y6YL3A,8,exploration,0.65,2,1,1,1,0,0.5,0.0,0.0,0.0,1.0,2.0,1.0,4.4383,3.0693,-1.3689,5.8072,3.0693,category:art_house_&_international,
AE27G4EPRPCBKVA47ZCCH5UJ7REA,9,exploration,0.65,1,0,1,1,0,0.0,0.0,0.0,0.0,0.0,0.0,0.0,7.6314,0.0,-7.6314,7.6314,0.0,category:campy,
AE27IX46ZQHL3LGA2KNS5OBQZQKA,13,exploration,0.65,2,0,1,2,0,0.0,0.0,0.0,0.0,0.0,0.0,0.0,5.8151,0.0,-5.8151,5.8151,0.0,category:bbc;category:pbs,
AE27KM4EBYNGWMI7YOBEXSBPW2LA,8,exploration,0.65,2,1,1,1,0,0.5,0.0,0.0,0.0,0.5,1.0,0.5,4.9217,4.8732,-0.0485,4.9703,4.8732,category:anime,
AE27M3YSU36LJU2BKA3YKV47VFEQ,16,exploration,0.65,2,1,1,1,0,0.5,0.0,0.0,0.0,1.0,2.0,1.0,5.6751,4.3801,-1.2949,6.97,4.3801,category:western,
AE27NC64SCIMSC23GPAVMHWOP6UQ,6,exploration,0.7,2,1,1,1,0,0.5,0.0,0.0,0.0,2.0,4.0,2.0,4.5854,4.098,-0.4874,5.0729,4.098,category:musicals_&_performing_arts,
AE27NHMO2VWDSCCEP4A53GTX7YJA,11,exploration,0.65,2,1,1,1,0,0.5,0.0,0.0,0.0,3.5,7.0,3.5,4.6474,2.5241,-2.1234,6.7708,2.5241,"category:arts,_entertainment,_and_culture",
AE27OBJJJ6DYJZADHKQQ7Z3KRKFA,5,exploration,0.65,2,1,1,1,0,0.5,0.0,0.0,0.0,4.5,9.0,4.5,3.4521,2.5241,-0.928,4.3801,2.5241,category:suspense,
AE27OD4OZRVYWRUIVHCQ45WNM3IA,15,exploration,0.65,2,1,1,1,0,0.5,0.0,0.0,0.0,2.0,4.0,2.0,4.2253,3.0693,-1.1559,5.3812,3.0693,category:musicals,
AE27OKYZO452YNNLXIDN5G4QX3BA,7,exploration,0.55,2,1,1,1,0,0.5,0.0,0.0,0.0,4.0,8.0,4.0,3.4521,2.5241,-0.928,4.3801,2.5241,category:suspense,
AE27OQTZXIZKIFLFJGAUNN6326RA,7,exploration,0.65,2,1,1,1,0,0.5,0.0,0.0,0.0,0.5,1.0,0.5,4.88,4.7854,-0.0946,4.9746,4.7854,category:music_videos_&_concerts,
AE27PRNS4NO7OAROH5Q6H5HKSILQ,66,exploration,0.65,2,1,1,1,0,0.5,0.0,0.0,0.0,2.0,4.0,2.0,4.2828,3.5909,-0.6919,4.9746,3.5909,category:music_videos_&_concerts,
AE27QAUZVFLTO45RXMRTPP3YE5XA,13,exploration,0.65,2,0,1,2,0,0.0,0.0,0.0,0.0,0.0,0.0,0.0,7.0612,0.0,-7.0612,7.0612,0.0,"category:arts,_entertainment,_and_culture;category:bold",
AE27R3FQXXI7LHKVJAFFHEUC5RXQ,8,exploration,0.65,2,1,1,1,0,0.5,0.0,0.0,0.0,1.5,3.0,1.5,5.2799,4.3801,-0.8997,6.1796,4.3801,category:eerie,
AE27RQH6535SCWKYLFWYL4D36L2Q,6,exploration,0.65,2,1,1,1,0,0.5,0.0,0.0,0.0,0.5,1.0,0.5,5.1272,4.8732,-0.254,5.3812,4.8732,category:musicals,
AE27SFHFXCIVHCVERNOKK4FDDZFQ,10,exploration,0.65,2,1,1,1,0,0.5,0.0,0.0,0.0,1.5,3.0,1.5,5.0538,4.098,-0.9558,6.0095,4.098,category:foreign_films,
AE27SVEWPJVYR6DEFZINHGH4DYIQ,5,exploration,0.65,2,1,1,1,0,0.5,0.5,1.0,0.5,2.5,5.0,2.5,4.8697,2.8168,-2.053,6.9227,2.8168,category:military_and_war,
AE27TCFXFBI6HVECLNZLU6BW4XSA,6,exploration,0.75,2,0,1,2,0,0.0,0.0,0.0,0.0,0.0,0.0,0.0,5.4261,0.0,-5.4261,5.4261,0.0,category:christmas;category:holidays_&_seasonal,
AE27TVP4POALM235GZD4343A2HBQ,10,exploration,0.65,2,0,1,2,0,0.0,0.0,0.0,0.0,0.0,0.0,0.0,5.9613,0.0,-5.9613,5.9613,0.0,category:award_winners_in_movies_&_tv;category:special_interests,
AE27VSGBAG2RDNRBKC4FRNZJAF3Q,5,exploration,0.65,2,1,1,1,0,0.5,0.0,0.0,0.0,0.5,1.0,0.5,4.4277,3.9821,-0.4456,4.8732,3.9821,category:animation,
AE27VWZJJ7VKJXRZC7W7MHUBNTGA,10,exploration,0.65,2,1,1,1,0,0.5,0.0,0.0,0.0,4.0,8.0,4.0,3.6547,2.5241,-1.1307,4.7854,2.5241,category:fantasy,
AE27W4SAE2LM2NFGUU4IRUP6EE3A,5,exploration,0.65,2,1,1,1,0,0.5,0.0,0.0,0.0,2.5,5.0,2.5,5.6374,2.8168,-2.8207,8.4581,2.8168,category:outrageous,
AE27X4GYC7O3LQEC4Y3J7RZVVKNA,9,exploration,0.65,2,0,1,2,0,0.0,0.0,0.0,0.0,0.0,0.0,0.0,5.7946,0.0,-5.7946,5.7946,0.0,category:cerebral;category:compelling,
AE27X6GQZOMGUPHPTXQWFO6DT3MA,5,exploration,0.65,2,0,1,2,0,0.0,0.0,0.0,0.0,0.0,0.0,0.0,6.2213,0.0,-6.2213,6.2213,0.0,category:romance;category:strange,
AE27XQRG4MDYYVBFK2DE7CTQARMA,5,exploration,0.65,3,2,1,1,0,0.6667,0.0,0.0,0.0,0.6667,1.0,0.3333,4.3685,3.9225,-0.4459,5.2604,3.9225,category:bbc,
AE27YARQ2Y3PJGLZ2M2YM3FQ3Z3Q,13,exploration,0.65,3,2,1,1,0,0.6667,0.0,0.0,0.0,2.0,3.0,1.0,4.1581,3.8445,-0.3136,4.7854,3.8445,category:fantasy,
AE2A3EZJXP3QFLPJHT2PR5LX3XQA,10,exploration,0.65,2,0,1,2,0,0.0,0.0,0.0,0.0,0.0,0.0,0.0,5.7946,0.0,-5.7946,5.7946,0.0,category:cerebral;category:compelling,
AE2A3IE3FVA7LA22YD4NXU7QPDYQ,5,exploration,0.65,2,1,1,1,0,0.5,0.0,0.0,0.0,1.0,2.0,1.0,6.356,3.9821,-2.374,8.73,3.9821,category:imaginative,
AE2A3PZDXIJMEP22Y5RMRC2DT2WA,35,exploration,0.65,2,1,1,1,0,0.5,0.0,0.0,0.0,0.5,1.0,0.5,6.7135,7.0777,0.3642,6.3493,7.0777,category:inspiring,
AE2A3WTEPJ2GYCV4XN3TQOT7642A,15,exploration,0.65,2,1,1,1,0,0.5,0.0,0.0,0.0,1.5,3.0,1.5,5.8917,3.9821,-1.9096,7.8013,3.9821,category:made-for-tv_movies,
AE2A4LXTCND5Q4H35KCJCU7B7GQA,11,exploration,0.65,2,1,1,1,0,0.5,0.0,0.0,0.0,0.5,1.0,0.5,5.3178,4.3801,-0.9377,6.2556,4.3801,category:historical,
AE2A4Q2326NEZSGOADAIYG5KPXTQ,8,exploration,0.65,3,1,1,2,0,0.3333,0.0,0.0,0.0,1.6667,5.0,3.3333,4.6214,3.0693,-1.5521,5.3975,3.0693,category:fantasy;category:foreign_films,
AE2A542I7JVYWVEZJMQZEBD6SDKA,17,exploration,0.65,2,1,1,1,0,0.5,0.0,0.0,0.0,1.0,2.0,1.0,5.1571,3.8804,-1.2766,6.4337,3.8804,category:dark,
AE2A5KIAWXSQHKAYMBBHBDFBICPA,12,exploration,0.65,2,1,1,1,0,0.5,0.0,0.0,0.0,3.5,7.0,3.5,4.9701,3.5909,-1.3792,6.3493,3.5909,category:inspiring,
AE2A6AWKZOC7HAGPEPG4LXRDZKVQ,20,exploration,0.65,2,1,1,1,0,0.5,0.0,0.0,0.0,4.0,8.0,4.0,4.2751,2.5241,-1.751,6.0261,2.5241,category:classics,
AE2A6B2UZRICLUXJTK43IP3UHD7A,37,exploration,0.65,2,0,1,2,0,0.0,0.0,0.0,0.0,0.0,0.0,0.0,7.3038,0.0,-7.3038,7.3038,0.0,category:award_winners_in_movies_&_tv;category:oscar_central,
AE2A6XHQFDJM5LZU5KTX4WSV7OCQ,6,exploration,0.65,2,0,1,2,0,0.0,0.0,0.0,0.0,0.0,0.0,0.0,7.5556,0.0,-7.5556,7.5556,0.0,category:award_winners_in_movies_&_tv;category:past_oscar_winners,
AE2A7LCPBR6YUPM5G5FEQSLE6LXQ,7,exploration,0.55,2,1,1,1,0,0.5,0.0,0.0,0.0,0.5,1.0,0.5,4.9564,4.3801,-0.5762,5.5326,4.3801,category:adventure,
AE2AASF7MHLD5SGHV7NSPXHKHN3A,7,exploration,0.65,2,0,1,2,0,0.0,0.0,0.0,0.0,0.0,0.0,0.0,8.8092,0.0,-8.8092,8.8092,0.0,category:golden_globe_central;category:past_golden_globe_winners,
AE2ABSGAWRQE5EG5XLANYXHGDNZA,5,exploration,0.65,2,0,1,2,0,0.0,0.0,0.0,0.0,0.0,0.0,0.0,4.3439,0.0,-4.3439,4.3439,0.0,category:action;category:science_fiction,
AE2ADL7OHKPKPNWDZ2TCR4PBLQ4A,11,exploration,0.65,2,0,1,2,0,0.0,0.0,0.0,0.0,0.0,0.0,0.0,5.6514,0.0,-5.6514,5.6514,0.0,category:military_and_war;category:suspense,
AE2ADUBP6MSJNO2QUYWRUWEPPFFA,6,exploration,0.65,2,1,1,1,0,0.5,0.0,0.0,0.0,4.0,8.0,4.0,3.5257,3.0693,-0.4564,3.9821,3.0693,category:science_fiction,
AE2ADVYKSEIEYUGXEP4PY3RI4XEQ,10,exploration,0.65,1,0,1,1,0,0.0,0.0,0.0,0.0,0.0,0.0,0.0,6.0865,0.0,-6.0865,6.0865,0.0,category:unscripted,
AE2AEZGT7GHKX4QFHWRDJNR6ZCLQ,6,exploration,0.65,2,0,1,2,0,0.0,0.0,0.0,0.0,0.0,0.0,0.0,7.419,0.0,-7.419,7.419,0.0,category:adventure;category:exotic,
AE2AF4BE2JBBMCFTODIBXKQ5JCRQ,8,exploration,0.65,2,1,1,1,0,0.5,0.0,0.0,0.0,0.5,1.0,0.5,5.1192,5.5326,0.4134,4.7058,5.5326,category:action,
AE2AGEVHRHNJZHSOKOAJKJLWP7UQ,15,exploration,0.65,2,0,1,2,0,0.0,0.0,0.0,0.0,0.0,0.0,0.0,6.3024,0.0,-6.3024,6.3024,0.0,category:art_house_&_international;category:united_kingdom,
AE2AGL5CIUG4TEWGSMPPF4YJJASA,16,exploration,0.65,2,1,1,1,0,0.5,0.0,0.0,0.0,1.5,3.0,1.5,3.8011,2.8168,-0.9843,4.7854,2.8168,category:fantasy,
AE2AGP2XXBEGDMTXZRG2KLUSAHYQ,30,exploration,0.65,2,0,1,2,0,0.0,0.0,0.0,0.0,0.0,0.0,0.0,8.3337,0.0,-8.3337,8.3337,0.0,category:emmy_central;category:emmy_nominees,
AE2AHBOVJYT4SGOOV6YLX5M25DDA,34,exploration,0.65,1,0,1,1,0,0.0,0.0,0.0,0.0,0.0,0.0,0.0,6.762,0.0,-6.762,6.762,0.0,category:frightening,
AE2AICTRZNYGMOPYVDHBQQKRYB4A,12,exploration,0.65,2,1,1,1,0,0.5,0.0,0.0,0.0,2.0,4.0,2.0,4.5554,3.5909,-0.9645,5.5199,3.5909,category:special_interest,
AE2AITBGJQXO2GYUSLOAVTMNNEXA,10,exploration,0.65,2,0,1,2,0,0.0,0.0,0.0,0.0,0.0,0.0,0.0,7.6578,0.0,-7.6578,7.6578,0.0,category:faith_and_spirituality;category:western,
AE2AJBMEFO4IJJSJH5CO3T5KYPDA,6,exploration,0.65,2,1,1,1,0,0.5,0.0,0.0,0.0,0.5,1.0,0.5,4.9921,4.3801,-0.612,5.6041,4.3801,category:cerebral,
AE2AKJPYFGWXBPL6WRV3VGI5IAGQ,53,exploration,0.65,2,1,1,1,0,0.5,0.0,0.0,0.0,1.0,2.0,1.0,6.212,5.5012,-0.7108,6.9227,5.5012,category:award_winners_in_movies_&_tv,
AE2ALXWEFZJFCJG34GLQRWZWUGJA,11,exploration,0.65,2,1,1,1,0,0.5,0.0,0.0,0.0,4.5,9.0,4.5,4.9042,2.8168,-2.0875,6.9917,2.8168,category:feel-good,
AE2AMC7C3THUHIKVCICFVT2YMI3Q,24,exploration,0.65,2,1,1,1,0,0.5,0.0,0.0,0.0,1.5,3.0,1.5,4.1303,3.8804,-0.2499,4.3801,3.8804,category:suspense,
AE2AOTOY5CA4DENRZW5BUWEF43MQ,6,exploration,0.65,2,1,1,1,0,0.5,0.0,0.0,0.0,0.5,1.0,0.5,4.3439,4.7058,0.3618,3.9821,4.7058,category:science_fiction,
AE2AQFQL234ZQEBYCH3QAXCH5KAA,10,exploration,0.65,2,0,1,2,0,0.0,0.0,0.0,0.0,0.0,0.0,0.0,5.2609,0.0,-5.2609,5.2609,0.0,category:holidays_&_seasonal;category:mystery_&_thrillers,
AE2ASC5XZCXF5K6YYEFNYNPACF4A,8,exploration,0.65,3,2,1,1,0,0.6667,0.3333,0.5,0.1667,2.6667,4.0,1.3333,4.075,3.3994,-0.6756,5.4261,3.3994,category:christmas,
AE2ASCPQCWKPNENSZF7V5XROF4XA,9,exploration,0.65,2,1,1,1,0,0.5,0.0,0.0,0.0,2.5,5.0,2.5,3.9562,2.8168,-1.1395,5.0957,2.8168,category:mystery_&_thrillers,
AE2AUQYASVXHGASHEXAEMQLS24OA,15,exploration,0.65,2,0,1,2,0,0.0,0.0,0.0,0.0,0.0,0.0,0.0,7.0375,0.0,-7.0375,7.0375,0.0,category:frightening;category:serious,
AE2AX742QIHXQVVECKRTMR6HGPNA,6,exploration,0.65,2,1,1,1,0,0.5,0.0,0.0,0.0,1.0,2.0,1.0,4.1303,4.3801,0.2499,3.8804,4.3801,category:horror,
AE2AZKAOS224EBENDOHJQR4KN5UA,8,exploration,0.65,2,1,1,1,0,0.5,0.0,0.0,0.0,1.0,2.0,1.0,6.4926,3.7852,-2.7074,9.2,3.7852,category:disney_channel_original_movies,
AE2B3EUBICC6TIRSCGU5JY36VGIQ,7,exploration,0.65,2,0,1,2,0,0.0,0.0,0.0,0.0,0.0,0.0,0.0,6.0544,0.0,-6.0544,6.0544,0.0,category:emotional;category:inspiring,
AE2B4KKNG57ZASGNS7GWYRJQ3RJA,16,exploration,0.55,2,1,1,1,0,0.5,0.0,0.0,0.0,0.5,1.0,0.5,5.3487,5.8241,0.4754,4.8732,5.8241,category:animation,
AE2B5XHOWRT4KCBMTZLZGUTZCGOA,6,exploration,0.65,2,1,1,1,0,0.5,0.0,0.0,0.0,0.5,1.0,0.5,6.6168,5.2575,-1.3594,7.9762,5.2575,category:young_adult_audience,
AE2B7GLTGTCFXYI2BMI3EM6L6L6A,12,exploration,0.65,3,2,1,1,0,0.6667,0.0,0.0,0.0,5.0,7.5,2.5,4.9651,4.3315,-0.6336,6.2322,4.3315,category:charming,
AE2BALS6FFUZ3DPMCJNKC2NUVNQA,17,exploration,0.65,2,1,1,1,0,0.5,0.0,0.0,0.0,2.5,5.0,2.5,4.788,3.5909,-1.1971,5.9851,3.5909,category:compelling,
AE2BB26NBURYOPZVKG6ZRWYRXDSQ,17,exploration,0.65,2,1,1,1,0,0.5,0.0,0.0,0.0,1.5,3.0,1.5,3.8011,2.8168,-0.9843,4.7854,2.8168,category:fantasy,
AE2BB3Y6UDEVLLKKBBCBHIHUXS7Q,18,exploration,0.65,2,1,1,1,0,0.5,0.0,0.0,0.0,0.5,1.0,0.5,6.8051,5.6041,-1.201,8.0061,5.6041,category:beautiful,
AE2BCK3BPLEG5UAA4GQOUGMETILA,6,exploration,0.65,2,0,1,2,0,0.0,0.0,0.0,0.0,0.0,0.0,0.0,6.7107,0.0,-6.7107,6.7107,0.0,category:gritty;category:military_and_war,
AE2BDMFHOX55T7V5FRDQQLITJRUA,10,exploration,0.75,3,2,1,1,0,0.6667,0.6667,1.0,0.3333,1.6667,2.5,0.8333,4.5531,4.4417,-0.1114,4.7758,4.4417,category:exercise_&_fitness,
AE2BE67IZUBNZ5XYNIEIIA4CUUKQ,17,exploration,0.65,2,1,1,1,0,0.5,0.0,0.0,0.0,0.5,1.0,0.5,6.2907,6.2322,-0.0586,6.3493,6.2322,category:inspiring,
AE2BECL5BOJTHXRHORLJ3X7W4BUA,5,exploration,0.65,2,1,1,1,0,0.5,0.0,0.0,0.0,1.0,2.0,1.0,4.4277,3.9821,-0.4456,4.8732,3.9821,category:animation,
AE2BFUVRLK7S24PBVXRRHM6CNYFQ,12,exploration,0.65,2,0,1,2,0,0.0,0.0,0.0,0.0,0.0,0.0,0.0,4.8734,0.0,-4.8734,4.8734,0.0,category:action;category:sports,
AE2BGGPZZWVEYPWXG4JDSLHXFZJA,5,exploration,0.65,3,0,1,3,0,0.0,0.0,0.0,0.0,0.0,0.0,0.0,7.527,0.0,-7.527,7.527,0.0,category:emmy_central;category:emmy_nominees;category:hbo,
AE2BH7Z4M243LVUXAFCCNPBW2HEA,14,exploration,0.65,2,1,1,1,0,0.5,0.0,0.0,0.0,3.5,7.0,3.5,4.9472,2.8168,-2.1305,7.0777,2.8168,category:military_&_war,
AE2BIN2AUSX3BEBIZMULU3VV5CMQ,5,exploration,0.65,2,1,1,1,0,0.5,0.0,0.0,0.0,2.5,5.0,2.5,5.1426,2.8168,-2.3258,7.4684,2.8168,category:playful,
AE2BISFHJQKZVEDKBHEHZJSWZIMQ,7,exploration,0.65,2,1,1,1,0,0.5,0.0,0.0,0.0,0.5,1.0,0.5,4.5429,4.3801,-0.1628,4.7058,4.3801,category:action,
AE2BJIXRVHGJM4ZT5N4DVXV67BMA,7,exploration,0.65,3,2,1,1,0,0.6667,0.3333,0.5,0.1667,4.0,6.0,2.0,3.8251,3.301,-0.5241,4.8732,3.301,category:animation,
AE2BJR73BXF7USGJETM7RNSC52IQ,5,exploration,0.65,2,1,1,1,0,0.5,0.0,0.0,0.0,0.5,1.0,0.5,4.8387,3.5909,-1.2478,6.0865,3.5909,category:unscripted,
AE2BPAKC2Q52J3NSPVXNQJGPRFJA,7,exploration,0.65,2,0,1,2,0,0.0,0.0,0.0,0.0,0.0,0.0,0.0,6.7496,0.0,-6.7496,6.7496,0.0,category:dreamlike;category:international,
AE2BQGKMJ3373AKMLBTTOTYUPLFA,9,exploration,0.75,3,1,1,2,0,0.3333,0.0,0.0,0.0,1.3333,4.0,2.6667,4.8791,3.7852,-1.0939,5.4261,3.7852,category:christmas;category:holidays_&_seasonal,
AE2BQMZJTAZJQOHZR3VBKGDT66KQ,33,exploration,0.65,2,0,1,2,0,0.0,0.0,0.0,0.0,0.0,0.0,0.0,6.8964,0.0,-6.8964,6.8964,0.0,category:gentle;category:touching,
AE2BQNU754ADRKXLT3672W4URPWQ,14,exploration,0.65,3,2,1,1,0,0.6667,0.0,0.0,0.0,2.0,3.0,1.0,4.3978,3.5837,-0.8142,6.0261,3.5837,category:classics,
AE2BR5KVBCYRPJOE5QIJA522WD6A,5,exploration,0.65,2,1,1,1,0,0.5,0.0,0.0,0.0,0.5,1.0,0.5,4.2954,3.5909,-0.7045,4.9998,3.5909,category:special_interests,
AE2BRDLX7UAUQSPTFA62KF2DJ7NA,14,exploration,0.65,2,1,1,1,0,0.5,0.0,0.0,0.0,1.0,2.0,1.0,6.0323,5.0729,-0.9594,6.9917,5.0729,category:feel-good,
AE2BREJUIDBQ23W6BK6CGXX5MCPQ,5,exploration,0.65,2,1,1,1,0,0.5,0.0,0.0,0.0,1.0,2.0,1.0,4.9921,4.3801,-0.612,5.6041,4.3801,category:cerebral,
AE2BREQMQ25X6V7RQXW5YFDHGLOA,5,exploration,0.65,3,0,1,3,0,0.0,0.0,0.0,0.0,0.0,0.0,0.0,7.8634,0.0,-7.8634,7.8634,0.0,category:award_winners_in_movies_&_tv;category:emmy_central;category:emmy_nominees,
AE2BRVYXEYOSNJTGCZST2XKLRM2Q,9,exploration,0.65,2,1,1,1,0,0.5,0.0,0.0,0.0,0.5,1.0,0.5,4.4417,4.7854,0.3437,4.098,4.7854,category:science_fiction_&_fantasy,
AE2BT2NM6KZNOMYXUOXUWIZ46YDQ,11,exploration,0.65,2,0,1,2,0,0.0,0.0,0.0,0.0,0.0,0.0,0.0,5.3487,0.0,-5.3487,5.3487,0.0,category:animation;category:kids,
AE2BU2LZYSSRXILCBCSNW2WOAPBQ,16,exploration,0.65,2,1,1,1,0,0.5,0.0,0.0,0.0,1.0,2.0,1.0,5.1826,4.3801,-0.8025,5.9851,4.3801,category:compelling,
AE2BUCPKSING6VGCEM4TCUXIHDKQ,5,exploration,0.65,2,0,1,2,0,0.0,0.0,0.0,0.0,0.0,0.0,0.0,5.4261,0.0,-5.4261,5.4261,0.0,category:christmas;category:holidays_&_seasonal,
AE2BV6AIHWYO235XFMIYTQT63U3Q,16,exploration,0.75,2,0,1,2,0,0.0,0.0,0.0,0.0,0.0,0.0,0.0,7.7675,0.0,-7.7675,7.7675,0.0,category:award_winners_in_movies_&_tv;category:oscar_nominees,
AE2BWFJKBUKBBGXUMLWXOYF4DOHA,5,exploration,0.65,2,0,1,2,0,0.0,0.0,0.0,0.0,0.0,0.0,0.0,4.8985,0.0,-4.8985,4.8985,0.0,category:action_&_adventure;category:reality_tv,
AE2BWGNMRS7MBWBBW47G4OPDYZKQ,9,exploration,0.65,2,0,1,2,0,0.0,0.0,0.0,0.0,0.0,0.0,0.0,6.5588,0.0,-6.5588,6.5588,0.0,category:atmospheric;category:cerebral,
AE2BXJSZQSVFYXQYZ365VUATCVVQ,7,exploration,0.65,2,1,1,1,0,0.5,0.0,0.0,0.0,1.0,2.0,1.0,4.3204,2.8168,-1.5037,5.8241,2.8168,category:kids,
AE2BXXKIWRNBBXQNR7ZWO4ZQRMKQ,18,exploration,0.65,2,1,1,1,0,0.5,0.0,0.0,0.0,2.5,5.0,2.5,4.2043,3.0693,-1.135,5.3393,3.0693,category:anime_&_manga,
AE2BZAGC2PX6SNXUZITXYNKF35IA,5,exploration,0.65,2,0,1,2,0,0.0,0.0,0.0,0.0,0.0,0.0,0.0,5.4261,0.0,-5.4261,5.4261,0.0,category:christmas;category:holidays_&_seasonal,
AE2C2I3M3O72PSHBH2KTJCXCRFDA,21,exploration,0.65,2,1,1,1,0,0.5,0.0,0.0,0.0,2.5,5.0,2.5,5.354,3.7852,-1.5687,6.9227,3.7852,category:award_winners_in_movies_&_tv,
AE2C2VY5EAJIBGDIJKCHLSDZFCFQ,5,exploration,0.65,2,1,1,1,0,0.5,0.0,0.0,0.0,3.0,6.0,3.0,6.2613,2.5241,-3.7372,9.9985,2.5241,category:tv_news_programming,
AE2C3VKRAX6GXOZR2MWFTJ5EX2ZA,6,exploration,0.65,2,1,1,1,0,0.5,0.0,0.0,0.0,0.5,1.0,0.5,4.8387,3.5909,-1.2478,6.0865,3.5909,category:unscripted,
AE2C4IIDPJ4ODEUKG436S6YG5N4A,16,exploration,0.65,2,0,1,2,0,0.0,0.0,0.0,0.0,0.0,0.0,0.0,6.0867,0.0,-6.0867,6.0867,0.0,category:inspiring;category:kids,
AE2C53I5JFOSTOTQP4G56GCXHC5A,33,exploration,0.65,2,0,1,2,0,0.0,0.0,0.0,0.0,0.0,0.0,0.0,6.8965,0.0,-6.8965,6.8965,0.0,category:coarse;category:frightening,
AE2C625XNDJ6MJKULVVCLXLVTTCA,7,exploration,0.65,2,0,1,2,0,0.0,0.0,0.0,0.0,0.0,0.0,0.0,8.7561,0.0,-8.7561,8.7561,0.0,category:lifetime_original_movies;category:made-for-tv_movies,
AE2C66YSPZN4Y6QBIB2QMOO54BRA,7,exploration,0.65,2,1,1,1,0,0.5,0.0,0.0,0.0,0.5,1.0,0.5,5.1188,3.9821,-1.1367,6.2556,3.9821,category:historical,
AE2C6F4VDO4OCBB2YG6OTEUTE6WQ,6,exploration,0.65,2,0,1,2,0,0.0,0.0,0.0,0.0,0.0,0.0,0.0,5.4261,0.0,-5.4261,5.4261,0.0,category:christmas;category:holidays_&_seasonal,
AE2C6PUO4XT3AL56CNQFHJGYBQWA,11,exploration,0.65,2,1,1,1,0,0.5,0.0,0.0,0.0,3.0,6.0,3.0,3.7826,2.5241,-1.2585,5.0411,2.5241,category:sports,
AE2C7XIROL4MSD7BL7LZLLEMZX4Q,17,exploration,0.65,2,1,1,1,0,0.5,0.0,0.0,0.0,1.0,2.0,1.0,5.3178,4.3801,-0.9377,6.2556,4.3801,category:historical,
AE2CAF3MVQRCNDIOPZPURD76ZO7A,5,exploration,0.55,2,1,1,1,0,0.5,0.5,1.0,0.5,2.0,4.0,2.0,4.4651,3.5909,-0.8742,5.3393,3.5909,category:anime_&_manga,
AE2CCKZ737ABNNWFOCHRZONIC4UA,5,exploration,0.65,2,1,1,1,0,0.5,0.0,0.0,0.0,1.5,3.0,1.5,4.6908,3.8804,-0.8104,5.5012,3.8804,category:westerns,
AE2CCUF73SZZB2ADDBB3GTN7JHSQ,8,exploration,0.65,2,0,1,2,0,0.0,0.0,0.0,0.0,0.0,0.0,0.0,5.9959,0.0,-5.9959,5.9959,0.0,category:charming;category:emotional,
AE2CDFS4ZYRO6T4WF6SAXGZQBKBA,8,exploration,0.65,2,1,1,1,0,0.5,0.0,0.0,0.0,2.0,4.0,2.0,4.1303,3.8804,-0.2499,4.3801,3.8804,category:suspense,
AE2CDSLPCGDWLSCHPEDBXAZIXAUA,10,exploration,0.65,2,1,1,1,0,0.5,0.0,0.0,0.0,1.5,3.0,1.5,4.9359,3.7852,-1.1506,6.0865,3.7852,category:unscripted,
AE2CDU6LKVRWT7IUBMFKB4TXSVTA,18,exploration,0.65,2,1,1,1,0,0.5,0.0,0.0,0.0,0.5,1.0,0.5,6.7516,6.0865,-0.6651,7.4166,6.0865,category:music_videos_and_concerts,
AE2CFNUHG5DK6TQB23FOSUEQCFUQ,8,exploration,0.65,2,1,1,1,0,0.5,0.0,0.0,0.0,2.0,4.0,2.0,4.3204,2.8168,-1.5037,5.8241,2.8168,category:kids,
AE2CG6FBSTCOLOCA2HCFW3XEQZJQ,14,exploration,0.65,2,1,1,1,0,0.5,0.0,0.0,0.0,6.5,13.0,6.5,4.747,2.5241,-2.223,6.97,2.5241,category:western,
AE2CGE7ZAG67X53IX3NBVGREVKDQ,19,exploration,0.75,2,0,1,2,0,0.0,0.0,0.0,0.0,0.0,0.0,0.0,5.7448,0.0,-5.7448,5.7448,0.0,category:charming;category:romance,
AE2CJQBSSSAWNVJVTGWIQABWUSDA,5,exploration,0.65,3,2,1,1,0,0.6667,0.0,0.0,0.0,2.6667,4.0,1.3333,4.075,3.3994,-0.6756,5.4261,3.3994,category:holidays_&_seasonal,
AE2CK2V5AQ7JQYNRAPCXY4PRFQJA,5,exploration,0.55,2,0,1,2,0,0.0,0.0,0.0,0.0,0.0,0.0,0.0,7.9489,0.0,-7.9489,7.9489,0.0,category:serious;category:thoughtful,
AE2COYIMUYCKGDQTZLB3UBFKT63A,38,exploration,0.65,2,1,1,1,0,0.5,0.0,0.0,0.0,4.0,8.0,4.0,5.1042,2.8168,-2.2875,7.3917,2.8168,category:mother's_day_gift_ideas_in_movies_&_tv,
AE2CPI4VSCE27CEHD4INSZO2ND3Q,5,exploration,0.65,2,1,1,1,0,0.5,0.0,0.0,0.0,1.0,2.0,1.0,4.8387,3.5909,-1.2478,6.0865,3.5909,category:unscripted,
AE2CRVFH24UYBAIGYMXKT3XAZXJQ,36,exploration,0.65,2,1,1,1,0,0.5,0.0,0.0,0.0,1.0,2.0,1.0,3.4273,3.0693,-0.358,3.7852,3.0693,category:kids_&_family,
AE2CRVY6ERIVT65RUSRAVBHWSHRQ,19,exploration,0.65,3,2,1,1,0,0.6667,0.3333,0.5,0.1667,3.3333,5.0,1.6667,4.5277,3.3301,-1.1975,6.9227,3.3301,category:award_winners_in_movies_&_tv,
AE2CST32K6QQFHQMZ4ZR3O3I45OQ,5,exploration,0.65,2,0,1,2,0,0.0,0.0,0.0,0.0,0.0,0.0,0.0,5.4261,0.0,-5.4261,5.4261,0.0,category:christmas;category:holidays_&_seasonal,
AE2CT73XXK7AOUNS4WIMWFSVFSSQ,12,exploration,0.65,2,1,1,1,0,0.5,0.0,0.0,0.0,2.0,4.0,2.0,4.4766,3.8804,-0.5962,5.0729,3.8804,category:musicals_&_performing_arts,
AE2CUBSQ2HBH6I5F7QCKPRWUR44Q,5,exploration,0.65,2,1,1,1,0,0.5,0.0,0.0,0.0,2.0,4.0,2.0,5.9172,2.8168,-3.1005,9.0177,2.8168,category:nostalgic,
AE2CVMYYXBXCPZ7ZECWLLCU4DV4Q,11,exploration,0.65,2,0,1,2,0,0.0,0.0,0.0,0.0,0.0,0.0,0.0,5.7448,0.0,-5.7448,5.7448,0.0,category:charming;category:romance,
AE2CX47SUWGTGBNPPYMAFVPM3BKQ,15,exploration,0.65,2,1,1,1,0,0.5,0.0,0.0,0.0,2.0,4.0,2.0,4.1811,3.9821,-0.199,4.3801,3.9821,category:suspense,
AE2CX4QKRAOAI32IR6B4VYGMMACA,20,exploration,0.65,3,2,1,1,0,0.6667,0.0,0.0,0.0,3.3333,5.0,1.6667,3.2403,2.6704,-0.5699,4.3801,2.6704,category:suspense,
AE2CXEPBQQIE3Y5CZ7PXBJ6LPY2A,5,exploration,0.65,2,1,1,1,0,0.5,0.0,0.0,0.0,1.0,2.0,1.0,5.2831,3.5909,-1.6922,6.9754,3.5909,category:mystery_&_suspense,
AE2CZH44VUZ2Q2X5EUMTBWQHX3PA,11,exploration,0.75,2,1,1,1,0,0.5,0.0,0.0,0.0,1.0,2.0,1.0,4.316,3.5909,-0.7251,5.0411,3.5909,category:sports,
AE2D27H33MB7LG6R5TIYUXRPUK7Q,9,exploration,0.65,2,0,1,2,0,0.0,0.0,0.0,0.0,0.0,0.0,0.0,5.6514,0.0,-5.6514,5.6514,0.0,category:military_and_war;category:suspense,
AE2D2MWFKGR4FVDN3CQ4MX5EQYMA,20,exploration,0.65,3,2,1,1,0,0.6667,0.3333,0.5,0.1667,2.3333,3.5,1.1667,5.4624,3.8875,-1.5749,8.6122,3.8875,category:oscar_nominees,
AE2D3IL3RS24MDTCNK6BDTSJBULQ,6,exploration,0.65,2,1,1,1,0,0.5,0.0,0.0,0.0,3.0,6.0,3.0,5.3279,2.8168,-2.5111,7.839,2.8168,category:lgbtq,
AE2D5SM4IIQEC5T77UBFFA2C4SYA,24,exploration,0.65,2,0,1,2,0,0.0,0.0,0.0,0.0,0.0,0.0,0.0,5.5476,0.0,-5.5476,5.5476,0.0,category:downbeat;category:suspense,
AE2D7UHXAUXFKLCEBV3ADW4SZL4A,9,exploration,0.65,2,1,1,1,0,0.5,0.0,0.0,0.0,1.0,2.0,1.0,4.7573,3.9821,-0.7753,5.5326,3.9821,category:adventure,
AE2DAVYSV6AZJHFCMKOKTOR7E62A,6,exploration,0.65,2,1,1,1,0,0.5,0.0,0.0,0.0,2.5,5.0,2.5,6.3614,3.7852,-2.5762,8.9376,3.7852,category:african_american_cinema,
AE2DBAU4ASKOWAO6B77V2523A46A,17,exploration,0.65,2,1,1,1,0,0.5,0.0,0.0,0.0,0.5,1.0,0.5,5.2333,6.0865,0.8532,4.3801,6.0865,category:suspense,
AE2DBS7CXOQGK6CQOUAEHDEFIKHA,5,exploration,0.65,2,1,1,1,0,0.5,0.0,0.0,0.0,0.5,1.0,0.5,4.5429,4.7058,0.1628,4.3801,4.7058,category:suspense,
AE2DDHD467HCWYESLUTMLBTAVOTA,6,exploration,0.65,2,1,1,1,0,0.5,0.0,0.0,0.0,3.0,6.0,3.0,6.7015,2.8168,-3.8848,10.5863,2.8168,category:dance_&_music,
AE2DE4QD4LBTXNPGTUBJGLIWGC7Q,11,exploration,0.75,3,1,1,2,0,0.3333,0.0,0.0,0.0,0.6667,2.0,1.3333,4.9684,3.9821,-0.9863,5.4616,3.9821,category:futuristic;category:science_fiction_&_fantasy,
AE2DG2NSJJBJMCQBU2XD3WGNPVKA,5,exploration,0.65,2,1,1,1,0,0.5,0.0,0.0,0.0,2.5,5.0,2.5,3.2531,2.5241,-0.729,3.9821,2.5241,category:science_fiction,
AE2DGRH7TWURVK3C44P6E5H2AZUQ,12,exploration,0.65,2,1,1,1,0,0.5,0.0,0.0,0.0,0.5,1.0,0.5,5.6751,4.3801,-1.2949,6.97,4.3801,category:western,
AE2DGUKJRAHDULOLZWPQEPFTTXGQ,80,exploration,0.65,3,2,1,1,0,0.6667,0.0,0.0,0.0,2.6667,4.0,1.3333,3.9118,3.1546,-0.7571,5.4261,3.1546,category:christmas,
AE2DGV5IMITR73HINGHUNPPMVWHQ,5,exploration,0.65,1,0,1,1,0,0.0,0.0,0.0,0.0,0.0,0.0,0.0,5.9135,0.0,-5.9135,5.9135,0.0,category:hbo,
AE2DH42LBURYUVTZQH4ZRA4AUOOQ,9,exploration,0.65,2,1,1,1,0,0.5,0.0,0.0,0.0,0.5,1.0,0.5,6.2383,6.9754,0.7371,5.5012,6.9754,category:westerns,
AE2DHXKUQQCLCA6OOX2OBQ4VEXCA,13,exploration,0.65,2,0,1,2,0,0.0,0.0,0.0,0.0,0.0,0.0,0.0,5.1188,0.0,-5.1188,5.1188,0.0,category:historical;category:science_fiction,
AE2DJQINNMHW74FCFWBJVL6MBVZA,11,exploration,0.65,2,1,1,1,0,0.5,0.0,0.0,0.0,5.5,11.0,5.5,7.0133,2.5241,-4.4893,11.5026,2.5241,category:arts_&_entertainment,
AE2DM3DVNQBNZDVFC7RH7ZAU265A,9,exploration,0.65,2,1,1,1,0,0.5,0.0,0.0,0.0,0.5,1.0,0.5,5.5367,4.098,-1.4387,6.9754,4.098,category:mystery_&_suspense,
AE2DMTA53OFEJMI2TSDRXOTSIM2Q,5,exploration,0.65,2,1,1,1,0,0.5,0.5,1.0,0.5,3.5,7.0,3.5,4.0711,3.0693,-1.0018,5.0729,3.0693,category:musicals_&_performing_arts,
AE2DNBCD3SXNT3BFTQTCC65NKE4Q,5,exploration,0.65,2,1,1,1,0,0.5,0.0,0.0,0.0,2.5,5.0,2.5,5.8897,3.5909,-2.2988,8.1884,3.5909,category:past_oscar_winners,
AE2DNQC7SI5NDZHFZOVSU6VEASKQ,12,exploration,0.65,2,0,1,2,0,0.0,0.0,0.0,0.0,0.0,0.0,0.0,4.9921,0.0,-4.9921,4.9921,0.0,category:cerebral;category:suspense,
AE2DOBYT2KOGUMRIJH742CIK3VSA,5,exploration,0.65,2,1,1,1,0,0.5,0.0,0.0,0.0,2.0,4.0,2.0,4.022,3.0693,-0.9527,4.9746,3.0693,category:music_videos_&_concerts,
AE2DOHDNHM7WIE4PMM6HFPUMM4TQ,50,exploration,0.65,2,1,1,1,0,0.5,0.0,0.0,0.0,4.5,9.0,4.5,4.0825,3.0693,-1.0132,5.0957,3.0693,category:mystery_&_thrillers,
AE2DOPWDITFJUWEUQRBE4GK4TG7A,20,exploration,0.65,2,0,1,2,0,0.0,0.0,0.0,0.0,0.0,0.0,0.0,6.1973,0.0,-6.1973,6.1973,0.0,category:historical;category:passionate,
AE2DOPWGXHTEYLYSNTZFRQHKSBEQ,5,exploration,0.65,2,0,1,2,0,0.0,0.0,0.0,0.0,0.0,0.0,0.0,5.6614,0.0,-5.6614,5.6614,0.0,category:animation;category:cult_movies,
AE2DOUKHOOBAYHTWQWIPER4VJQBQ,6,exploration,0.65,2,1,1,1,0,0.5,0.0,0.0,0.0,3.0,6.0,3.0,3.6149,2.5241,-1.0909,4.7058,2.5241,category:action,
AE2DOZW6VBY3BTEDMQ2W4N6IIOFA,13,exploration,0.65,2,0,1,2,0,0.0,0.0,0.0,0.0,0.0,0.0,0.0,8.5195,0.0,-8.5195,8.5195,0.0,category:award_winners_in_movies_&_tv;category:golden_globe_winners,
AE2DQCFWBMZPE6SCHDK7IIET37VA,8,exploration,0.65,2,0,1,2,0,0.0,0.0,0.0,0.0,0.0,0.0,0.0,8.0079,0.0,-8.0079,8.0079,0.0,category:alienated;category:malicious,
AE2DQMRBQZLOQ5NALS2J3FFEAUMA,11,exploration,0.65,2,1,1,1,0,0.5,0.0,0.0,0.0,0.5,1.0,0.5,4.2931,4.7058,0.4127,3.8804,4.7058,category:horror,
AE2DR5ORTRVGE3ZOABBP5AMEE37A,5,exploration,0.65,2,1,1,1,0,0.5,0.0,0.0,0.0,3.5,7.0,3.5,4.159,2.8168,-1.3422,5.5012,2.8168,category:westerns,
AE2DS3RGVSKF77FVCEVE7SJNZP7Q,17,exploration,0.65,2,1,1,1,0,0.5,0.0,0.0,0.0,1.0,2.0,1.0,5.5164,3.8804,-1.6359,7.1523,3.8804,category:mysterious,
AE2DTATG7UDKYLQD5DE4WIMAWNCQ,9,exploration,0.65,2,0,1,2,0,0.0,0.0,0.0,0.0,0.0,0.0,0.0,5.1192,0.0,-5.1192,5.1192,0.0,category:action;category:adventure,
AE2DTOF6RERXKN24D5N6EWUQG5RQ,5,exploration,0.65,2,1,1,1,0,0.5,0.0,0.0,0.0,0.5,1.0,0.5,6.9628,7.839,0.8763,6.0865,7.839,category:unscripted,
AE2DVBXEPNU2AT36P7MNA5CXEZFA,16,exploration,0.65,2,1,1,1,0,0.5,0.0,0.0,0.0,2.5,5.0,2.5,4.8387,3.5909,-1.2478,6.0865,3.5909,category:unscripted,
AE2DVC5U67U67ILFZNQFHJFEBFTQ,6,exploration,0.65,2,1,1,1,0,0.5,0.0,0.0,0.0,1.0,2.0,1.0,3.7613,2.8168,-0.9445,4.7058,2.8168,category:action,
AE2DVZ3RVYVO23OP7DI42W5GJNPQ,24,exploration,0.65,2,0,1,2,0,0.0,0.0,0.0,0.0,0.0,0.0,0.0,6.0867,0.0,-6.0867,6.0867,0.0,category:inspiring;category:kids,
AE2DW53E3JCTLHKGYDKQS7WWQSDQ,5,exploration,0.65,2,1,1,1,0,0.5,0.0,0.0,0.0,3.5,7.0,3.5,4.1648,3.0693,-1.0955,5.2604,3.0693,category:bbc,
AE2DWL3UDVWGYMK4QEA4HTFY2ZTQ,5,exploration,0.65,2,0,1,2,0,0.0,0.0,0.0,0.0,0.0,0.0,0.0,7.3059,0.0,-7.3059,7.3059,0.0,category:heartwarming;category:stunning,
AE2DXWXCR6ZIPHJTWHSIAXZDS2EA,5,exploration,0.65,2,0,1,2,0,0.0,0.0,0.0,0.0,0.0,0.0,0.0,8.3337,0.0,-8.3337,8.3337,0.0,category:emmy_central;category:emmy_nominees,
AE2DZGWJ2KQGRPNEVT5C4FC7LI7A,25,exploration,0.65,2,1,1,1,0,0.5,0.0,0.0,0.0,1.0,2.0,1.0,4.4762,3.9821,-0.4941,4.9703,3.9821,category:anime,
AE2DZWC7X55TIKSFB77VMVRQ6Y4A,23,exploration,0.65,2,1,1,1,0,0.5,0.0,0.0,0.0,0.5,1.0,0.5,5.6751,4.3801,-1.2949,6.97,4.3801,category:western,
AE2E2A44HBZE5LXXCB34TF3LICXA,7,exploration,0.65,2,1,1,1,0,0.5,0.0,0.0,0.0,0.5,1.0,0.5,6.1533,3.9821,-2.1712,8.3245,3.9821,category:space_adventure,
AE2E2MLF7YUZ6VGN4D4WFGJ3HHOA,17,exploration,0.65,2,1,1,1,0,0.5,0.0,0.0,0.0,0.5,1.0,0.5,4.7573,3.9821,-0.7753,5.5326,3.9821,category:adventure,
AE2E4OIZPGWN3AIAYJHPR3EOVTPA,13,exploration,0.65,2,0,1,2,0,0.0,0.0,0.0,0.0,0.0,0.0,0.0,6.0935,0.0,-6.0935,6.0935,0.0,category:emotional;category:international,
AE2E4VSDFE3HGD4KPJU34BTMAF3A,6,exploration,0.65,2,1,1,1,0,0.5,0.5,1.0,0.5,8.0,16.0,8.0,4.8009,2.5241,-2.2768,7.0777,2.5241,category:military_&_war,
AE2E7LGKSGBAYHRX3Y6UHMLRNMSQ,5,exploration,0.65,2,0,1,2,0,0.0,0.0,0.0,0.0,0.0,0.0,0.0,6.1137,0.0,-6.1137,6.1137,0.0,category:heartwarming;category:romance,
AE2EAARDH5YC4WLSLDLKOJ52L5MA,8,exploration,0.65,2,0,1,2,0,0.0,0.0,0.0,0.0,0.0,0.0,0.0,7.0457,0.0,-7.0457,7.0457,0.0,category:cult_movies;category:sci-fi_&_fantasy,
AE2EB2UJXVA5IPSJJFX6XJ2LQPZA,7,exploration,0.65,2,1,1,1,0,0.5,0.0,0.0,0.0,0.5,1.0,0.5,5.0843,5.0729,-0.0114,5.0957,5.0729,category:mystery_&_thrillers,
AE2EBOGDJYQ7B7XYYUI26RRA6NEQ,5,exploration,0.65,2,1,1,1,0,0.5,0.0,0.0,0.0,3.0,6.0,3.0,5.1889,2.8168,-2.3721,7.561,2.8168,category:sweet,
AE2EBTM6BVDBL4RDRAH7J4U7BVOQ,10,exploration,0.65,2,1,1,1,0,0.5,0.0,0.0,0.0,4.5,9.0,4.5,4.7579,2.5241,-2.2338,6.9917,2.5241,category:feel-good,
AE2EDSDFM6T3IU3QW3YAGUJSWCFA,8,exploration,0.75,2,1,1,1,0,0.5,0.0,0.0,0.0,1.0,2.0,1.0,4.5975,3.5909,-1.0066,5.6041,3.5909,category:cerebral,
AE2EDXJ7HZRDHCMEBNJNXOATLUPA,5,exploration,0.65,2,0,1,2,0,0.0,0.0,0.0,0.0,0.0,0.0,0.0,6.4585,0.0,-6.4585,6.4585,0.0,category:cerebral;category:serious,
AE2EFH2JHGHO236Z5CTWCCEGGFYQ,21,exploration,0.65,2,1,1,1,0,0.5,0.0,0.0,0.0,0.5,1.0,0.5,6.5713,6.7151,0.1438,6.4274,6.7151,category:international,
AE2EFUIZDYEIL37Y5E6FDA77TTFA,6,exploration,0.65,2,1,1,1,0,0.5,0.0,0.0,0.0,1.0,2.0,1.0,5.8171,4.3801,-1.437,7.2541,4.3801,category:malicious,
AE2EFWDAQ2PTBAM4LDKF7HQCB5AQ,35,exploration,0.55,2,0,1,2,0,0.0,0.0,0.0,0.0,0.0,0.0,0.0,6.5322,0.0,-6.5322,6.5322,0.0,category:gentle;category:inspiring,
AE2EHV2HZGYHO363Q6OFF3JK4RRQ,6,exploration,0.65,2,1,1,1,0,0.5,0.5,1.0,0.5,1.5,3.0,1.5,6.1099,3.7852,-2.3246,8.4345,3.7852,category:movies_&_tv_holiday_wishlist,
AE2EI2YMQRCR6YFGSCGA6CYZ27AA,6,exploration,0.65,2,1,1,1,0,0.5,0.0,0.0,0.0,0.5,1.0,0.5,4.4417,4.098,-0.3437,4.7854,4.098,category:fantasy,
AE2EIKVSD7ARMEZYSP7SGVIJ7S7Q,8,exploration,0.65,2,0,1,2,0,0.0,0.0,0.0,0.0,0.0,0.0,0.0,5.2327,0.0,-5.2327,5.2327,0.0,category:action;category:emotional,
AE2EIP27RWUQRY2J3F3VQAF2KPBA,6,exploration,0.65,2,0,1,2,0,0.0,0.0,0.0,0.0,0.0,0.0,0.0,8.7962,0.0,-8.7962,8.7962,0.0,category:adventures;category:live_action,
AE2EIVRSPIHATIYULGHMFG456XKQ,13,exploration,0.7,2,0,1,2,0,0.0,0.0,0.0,0.0,0.0,0.0,0.0,4.1811,0.0,-4.1811,4.1811,0.0,category:science_fiction;category:suspense,
AE2EJ23NTYYVHGAFURDNQEASQRFQ,8,exploration,0.75,3,1,1,2,0,0.3333,0.0,0.0,0.0,0.6667,2.0,1.3333,4.5563,2.8168,-1.7396,5.4261,2.8168,category:christmas;category:holidays_&_seasonal,
AE2ELQIZF3ZSJMBOLKDQTELXDDTA,7,exploration,0.65,2,0,1,2,0,0.0,0.0,0.0,0.0,0.0,0.0,0.0,8.3337,0.0,-8.3337,8.3337,0.0,category:emmy_central;category:emmy_nominees,
AE2ELTH6AIGIORZAZ5HFSCOKHJJA,6,exploration,0.65,2,0,1,2,0,0.0,0.0,0.0,0.0,0.0,0.0,0.0,6.8443,0.0,-6.8443,6.8443,0.0,category:fantastic;category:tense,
AE2ENNTHBZ4K5XBOANEE5SEMUWKQ,13,exploration,0.65,2,0,1,2,0,0.0,0.0,0.0,0.0,0.0,0.0,0.0,8.0447,0.0,-8.0447,8.0447,0.0,category:exciting;category:sassy,
AE2EOFL2DKUCJGT76CXKOTOM3D6Q,63,exploration,0.65,2,1,1,1,0,0.5,0.0,0.0,0.0,3.0,6.0,3.0,4.1214,2.8168,-1.3047,5.4261,2.8168,category:christmas,
AE2EOYRJIPSGV54QA33X6KIBTN5A,17,exploration,0.65,2,0,1,2,0,0.0,0.0,0.0,0.0,0.0,0.0,0.0,5.2536,0.0,-5.2536,5.2536,0.0,category:adventure;category:music_videos_&_concerts,
AE2ERPITA63TJNMWCG6I57XCXIFQ,7,exploration,0.65,2,0,1,2,0,0.0,0.0,0.0,0.0,0.0,0.0,0.0,6.3379,0.0,-6.3379,6.3379,0.0,category:cerebral;category:dreamlike,
AE2ERROYOTZM5OKWVJGMLPYRGYYQ,6,exploration,0.65,3,2,1,1,0,0.6667,0.0,0.0,0.0,1.3333,2.0,0.6667,4.046,3.3994,-0.6466,5.3393,3.3994,category:anime_&_manga,
AE2ERVDZL5WBXTM4HL5ELUHVCCGQ,7,exploration,0.65,3,1,1,2,0,0.3333,0.0,0.0,0.0,2.3333,7.0,4.6667,4.5563,2.8168,-1.7396,5.4261,2.8168,category:christmas;category:holidays_&_seasonal,
AE2ESMQUMAJHBDP3OUFTI75ADIYA,7,exploration,0.55,2,1,1,1,0,0.5,0.0,0.0,0.0,3.0,6.0,3.0,4.0283,2.5241,-1.5043,5.5326,2.5241,category:adventure,
AE2ET4S2V5ORBICRYHUIYZLBTJEA,5,exploration,0.55,2,0,1,2,0,0.0,0.0,0.0,0.0,0.0,0.0,0.0,5.1192,0.0,-5.1192,5.1192,0.0,category:action;category:adventure,
AE2EVOMW3SWHOREBMNRKFNOUO74A,5,exploration,0.55,2,1,1,1,0,0.5,0.0,0.0,0.0,2.5,5.0,2.5,3.845,2.8168,-1.0282,4.8732,2.8168,category:animation,
AE2EXSN3CITFBGVQ36KFNYAKBQ4A,20,exploration,0.65,2,1,1,1,0,0.5,0.0,0.0,0.0,1.0,2.0,1.0,5.0009,2.8168,-2.1842,7.1851,2.8168,category:strange,
AE2EXTYZUCAO4KQB6373AA2TW3FA,10,exploration,0.65,2,1,1,1,0,0.5,0.0,0.0,0.0,1.5,3.0,1.5,5.6751,4.3801,-1.2949,6.97,4.3801,category:western,
AE2EYFNDJFE7JGJCJTGUC2N3YLYA,5,exploration,0.65,2,1,1,1,0,0.5,0.0,0.0,0.0,0.5,1.0,0.5,4.8293,4.7854,-0.0439,4.8732,4.7854,category:animation,
AE2EZBFMB44DS6XPPT26EXMFP7DQ,10,exploration,0.65,2,1,1,1,0,0.5,0.0,0.0,0.0,2.5,5.0,2.5,4.8009,2.5241,-2.2768,7.0777,2.5241,category:touching,
AE2F24X5MPFYJX3KLKELAHI6HLXA,24,exploration,0.65,2,1,1,1,0,0.5,0.0,0.0,0.0,0.5,1.0,0.5,4.5429,4.7058,0.1628,4.3801,4.7058,category:suspense,
AE2F2CM6SEVA3CXV6HRJDPDE33BA,56,exploration,0.55,2,0,1,2,0,0.0,0.0,0.0,0.0,0.0,0.0,0.0,5.8032,0.0,-5.8032,5.8032,0.0,category:special_interest;category:unscripted,
AE2F4SORDOXUGGJQZG5QARXSOETA,5,exploration,0.65,2,1,1,1,0,0.5,0.0,0.0,0.0,0.5,1.0,0.5,7.6631,6.3493,-1.3138,8.9769,6.3493,category:mystical,
AE2F6KD5VAOH4GWFUXEIKCM3P3HQ,6,exploration,0.65,2,0,1,2,0,0.0,0.0,0.0,0.0,0.0,0.0,0.0,5.7946,0.0,-5.7946,5.7946,0.0,category:cerebral;category:compelling,
AE2F73QD3HWPG6VEKNKEVSC6HWEQ,19,exploration,0.65,2,0,1,2,0,0.0,0.0,0.0,0.0,0.0,0.0,0.0,6.8623,0.0,-6.8623,6.8623,0.0,category:bleak;category:gritty,
AE2F76TODNNO4C3WY4RC5J6YOBCA,11,exploration,0.65,2,1,1,1,0,0.5,0.0,0.0,0.0,1.0,2.0,1.0,4.8852,3.5909,-1.2943,6.1796,3.5909,category:eerie,
AE2FAE75UUYNUICUHYQHWZI3YYGQ,6,exploration,0.65,2,1,1,1,0,0.5,0.0,0.0,0.0,0.5,1.0,0.5,4.8528,4.7058,-0.147,4.9998,4.7058,category:special_interests,
AE2FAXBIB5LWEWBVYLBNAMTI5SIA,5,exploration,0.65,2,1,1,1,0,0.5,0.0,0.0,0.0,1.5,3.0,1.5,4.9478,3.9821,-0.9657,5.9135,3.9821,category:hbo,
AE2FB2LFHTA6WUD567GUDR4PADJQ,22,exploration,0.65,2,1,1,1,0,0.5,0.0,0.0,0.0,2.5,5.0,2.5,5.1571,3.8804,-1.2766,6.4337,3.8804,category:dark,
AE2FBUOQOSXRWLKLDTDZ2XAAA57Q,8,exploration,0.65,2,0,1,2,0,0.0,0.0,0.0,0.0,0.0,0.0,0.0,5.6751,0.0,-5.6751,5.6751,0.0,category:suspense;category:western,
AE2FBXFNQPB2QHVTJB3VSY4BNYNA,12,exploration,0.75,2,1,1,1,0,0.5,0.0,0.0,0.0,0.5,1.0,0.5,5.159,5.5326,0.3736,4.7854,5.5326,category:fantasy,
AE2FCNUVPLY2XYLIBHAUPFJFLSNQ,9,exploration,0.65,2,1,1,1,0,0.5,0.0,0.0,0.0,1.0,2.0,1.0,4.2391,4.098,-0.1411,4.3801,4.098,category:suspense,
AE2FDCLPICXLVNRDYG6RDCKOKBGQ,10,exploration,0.55,2,1,1,1,0,0.5,0.0,0.0,0.0,4.0,8.0,4.0,3.5984,2.8168,-0.7817,4.3801,2.8168,category:suspense,
AE2FDSHI6JBNNF2W4SMXXPPJCM5A,89,exploration,0.65,2,1,1,1,0,0.5,0.0,0.0,0.0,2.5,5.0,2.5,4.2477,3.0693,-1.1784,5.4261,3.0693,category:christmas,
AE2FE355ZPI3OOVUPV5RUMGBTAEQ,7,exploration,0.65,2,1,1,1,0,0.5,0.0,0.0,0.0,1.0,2.0,1.0,4.5618,3.5909,-0.9709,5.5326,3.5909,category:adventure,
AE2FE7UHU3KPFJ4XYL3DHVY7RPJQ,6,exploration,0.65,2,1,1,1,0,0.5,0.0,0.0,0.0,1.0,2.0,1.0,4.5429,4.7058,0.1628,4.3801,4.7058,category:suspense,
AE2FFNWL26OHV2O7URXXUZAGKQFA,7,exploration,0.65,2,1,1,1,0,0.5,0.0,0.0,0.0,0.5,1.0,0.5,4.7573,3.9821,-0.7753,5.5326,3.9821,category:adventure,
AE2FG75RPVD2USUAK5NU4NKM3TJA,6,exploration,0.65,2,1,1,1,0,0.5,0.0,0.0,0.0,1.5,3.0,1.5,5.7633,3.7852,-1.9781,7.7414,3.7852,category:family_features,
AE2FGF7OO7VVPUEP2RUEI4HHJW4Q,9,exploration,0.75,2,0,1,2,0,0.0,0.0,0.0,0.0,0.0,0.0,0.0,9.5367,0.0,-9.5367,9.5367,0.0,category:family_friendly;category:movies_&_tv_halloween_store,
AE2FGM5W2BSQN5E2VMKXWNFIJW2A,5,exploration,0.65,1,0,1,1,0,0.0,0.0,0.0,0.0,0.0,0.0,0.0,3.7852,0.0,-3.7852,3.7852,0.0,category:kids_&_family,
AE2FHUNRKFDHKAD3RD6OYQ7BFXPQ,22,exploration,0.65,1,0,1,1,0,0.0,0.0,0.0,0.0,0.0,0.0,0.0,5.5326,0.0,-5.5326,5.5326,0.0,category:adventure,
AE2FISGX7XWOWRZOT43RBXFDP6EA,11,exploration,0.65,2,0,1,2,0,0.0,0.0,0.0,0.0,0.0,0.0,0.0,6.3946,0.0,-6.3946,6.3946,0.0,category:cerebral;category:strange,
AE2FK7E4EP4MHUYO2FVGR6RFXZAA,9,exploration,0.65,2,1,1,1,0,0.5,0.0,0.0,0.0,3.0,6.0,3.0,3.4521,2.5241,-0.928,4.3801,2.5241,category:suspense,
AE2FKTZQSU3LTZXGKMALF2MDXJOQ,7,exploration,0.65,2,0,1,2,0,0.0,0.0,0.0,0.0,0.0,0.0,0.0,5.9181,0.0,-5.9181,5.9181,0.0,category:cerebral;category:charming,
AE2FLREGUVS4OOYO7ANK4NKJ2Z2A,17,exploration,0.65,2,1,1,1,0,0.5,0.0,0.0,0.0,0.5,1.0,0.5,6.4212,5.0411,-1.3801,7.8013,5.0411,category:made-for-tv_movies,
AE2FMYMQVLLFKIOIQDDWVNB3T52Q,5,exploration,0.65,2,0,1,2,0,0.0,0.0,0.0,0.0,0.0,0.0,0.0,6.5892,0.0,-6.5892,6.5892,0.0,category:historical;category:military_and_war,
AE2FNCAK3NSI57BCRTMUB4P3WAHQ,8,exploration,0.65,2,1,1,1,0,0.5,0.0,0.0,0.0,1.0,2.0,1.0,5.7565,6.2556,0.4991,5.2575,6.2556,category:romance,
AE2FNEBP3P5DZAY7WG4K4LGDKJDA,23,exploration,0.65,3,2,1,1,0,0.6667,0.0,0.0,0.0,6.3333,9.5,3.1667,3.7941,3.1546,-0.6394,5.0729,3.1546,category:musicals_&_performing_arts,
AE2FOHXZ4MM6EUUKO4TS3FHF63HA,38,exploration,0.65,2,1,1,1,0,0.5,0.0,0.0,0.0,1.0,2.0,1.0,5.4519,3.5909,-1.861,7.3129,3.5909,category:serious,
AE2FOYXLGIONKNDTLXDQSD63PQKA,5,exploration,0.65,2,0,1,2,0,0.0,0.0,0.0,0.0,0.0,0.0,0.0,5.3178,0.0,-5.3178,5.3178,0.0,category:historical;category:suspense,
AE2FPE6URO7HQCM6PJDCKSXGY6QQ,10,exploration,0.55,2,1,1,1,0,0.5,0.0,0.0,0.0,2.5,5.0,2.5,3.4521,2.5241,-0.928,4.3801,2.5241,category:suspense,
AE2FSBAB3Z5FBOWHKTNJHBZMRCKQ,12,exploration,0.65,2,1,1,1,0,0.5,0.0,0.0,0.0,2.5,5.0,2.5,3.7472,2.5241,-1.2231,4.9703,2.5241,category:anime,
AE2FSU5766VO47O4VPRB3H22HRVQ,20,exploration,0.65,2,0,1,2,0,0.0,0.0,0.0,0.0,0.0,0.0,0.0,6.0241,0.0,-6.0241,6.0241,0.0,category:musicals_&_performing_arts;category:mystery_&_suspense,
AE2FVLHIGX2JTZVPNJ4WBZS4BY4Q,7,exploration,0.65,2,1,1,1,0,0.5,0.0,0.0,0.0,0.5,1.0,0.5,5.3909,5.8072,0.4163,4.9746,5.8072,category:music_videos_&_concerts,
AE2FVZJMXSQZYGK6O364HGUW4SQA,7,exploration,0.65,2,1,1,1,0,0.5,0.0,0.0,0.0,2.5,5.0,2.5,3.3994,2.8168,-0.5827,3.9821,2.8168,category:science_fiction,
AE2FXVQQSPYLXZBZQRDWEHCNTTFQ,5,exploration,0.65,2,1,1,1,0,0.5,0.0,0.0,0.0,0.5,1.0,0.5,5.3061,4.3801,-0.926,6.2322,4.3801,category:charming,
AE2FZYDV5UA4VCKINQY67SQDDCRA,5,exploration,0.55,2,1,1,1,0,0.5,0.0,0.0,0.0,6.0,12.0,6.0,3.4521,2.5241,-0.928,4.3801,2.5241,category:suspense,
AE2G2HLIZ5TP5CYMOM5KUDTLOAGA,14,exploration,0.65,2,1,1,1,0,0.5,0.0,0.0,0.0,0.5,1.0,0.5,5.9767,5.6041,-0.3726,6.3493,5.6041,category:inspiring,
AE2G3S75QXLKB4QJCBTLC56K4OZQ,9,exploration,0.65,2,1,1,1,0,0.5,0.0,0.0,0.0,3.5,7.0,3.5,4.4516,2.8168,-1.6349,6.0865,2.8168,category:unscripted,
AE2G4PIEUQOLMTUWOI5JVZGIEIOA,11,exploration,0.65,2,1,1,1,0,0.5,0.0,0.0,0.0,2.0,4.0,2.0,3.845,2.8168,-1.0282,4.8732,2.8168,category:animation,
AE2G6Q4CO47KDFKXKMOS5K6OIY2Q,34,exploration,0.65,2,0,1,2,0,0.0,0.0,0.0,0.0,0.0,0.0,0.0,6.6459,0.0,-6.6459,6.6459,0.0,category:anxious;category:emotional,
AE2G6XCB5M7SVPNOJMJW3NFRXB5A,6,exploration,0.65,2,1,1,1,0,0.5,0.0,0.0,0.0,3.0,6.0,3.0,5.4519,3.5909,-1.861,7.3129,3.5909,category:serious,
AE2G7KOQPBUWXCKVWCE3YVZYR2KA,5,exploration,0.65,2,1,1,1,0,0.5,0.0,0.0,0.0,0.5,1.0,0.5,4.3319,3.5909,-0.741,5.0729,3.5909,category:musicals_&_performing_arts,
AE2GADXV42YSFCLLXRC6W5ANQAYQ,9,exploration,0.65,2,1,1,1,0,0.5,0.0,0.0,0.0,1.0,2.0,1.0,4.7751,3.5909,-1.1842,5.9594,3.5909,category:fox_tv,
AE2GBSMZXN5TFAYK5VGZUHUXZILA,7,exploration,0.65,2,1,1,1,0,0.5,0.0,0.0,0.0,1.0,2.0,1.0,5.3178,4.3801,-0.9377,6.2556,4.3801,category:historical,
AE2GCDHHAXQPSU5RBM43SSPGF4BQ,7,exploration,0.65,2,1,1,1,0,0.5,0.0,0.0,0.0,1.5,3.0,1.5,4.1811,3.9821,-0.199,4.3801,3.9821,category:suspense,
AE2GCSMZG2DQPXOLMXBZOLCBVUVQ,18,exploration,0.65,2,1,1,1,0,0.5,0.0,0.0,0.0,1.0,2.0,1.0,4.0825,3.0693,-1.0132,5.0957,3.0693,category:mystery_&_thrillers,
AE2GCXBAUVBWZXWLGQD72Q4252UA,6,exploration,0.65,2,1,1,1,0,0.5,0.0,0.0,0.0,1.0,2.0,1.0,4.4291,5.0729,0.6438,3.7852,5.0729,category:kids_&_family,
AE2GD5WKZ24CAMFSMXI7XDHELHFA,5,exploration,0.65,2,1,1,1,0,0.5,0.0,0.0,0.0,0.5,1.0,0.5,5.6751,4.3801,-1.2949,6.97,4.3801,category:western,
AE2GD63V4JJD7D6Y3JPN72PQRBJA,31,exploration,0.65,2,0,1,2,0,0.0,0.0,0.0,0.0,0.0,0.0,0.0,5.2804,0.0,-5.2804,5.2804,0.0,category:documentary;category:western,
AE2GE4HCISGK54R7QTQLTIYCFB3Q,6,exploration,0.65,2,0,1,2,0,0.0,0.0,0.0,0.0,0.0,0.0,0.0,5.8171,0.0,-5.8171,5.8171,0.0,category:malicious;category:suspense,
AE2GEL4CIW77WEM6K3GCH32QD4QQ,8,exploration,0.65,2,1,1,1,0,0.5,0.0,0.0,0.0,4.0,8.0,4.0,3.8908,2.5241,-1.3667,5.2575,2.5241,category:romance,
AE2GEWCMXKO5USER2QSNGQH3UQ2Q,12,exploration,0.65,2,1,1,1,0,0.5,0.0,0.0,0.0,3.0,6.0,3.0,4.2931,3.8804,-0.4127,4.7058,3.8804,category:action,
AE2GEZXLPJRDDGSHXSNWS6OMRETQ,11,exploration,0.65,2,0,1,2,0,0.0,0.0,0.0,0.0,0.0,0.0,0.0,6.883,0.0,-6.883,6.883,0.0,category:inspiring;category:music_videos_and_concerts,
AE2GFNLM3YKG2LYQK7YEO4GNWWQQ,36,exploration,0.65,2,0,1,2,0,0.0,0.0,0.0,0.0,0.0,0.0,0.0,5.159,0.0,-5.159,5.159,0.0,category:adventure;category:fantasy,
AE2GFT2FVPB3WFO4YS3ETTBANMWQ,10,exploration,0.65,2,0,1,2,0,0.0,0.0,0.0,0.0,0.0,0.0,0.0,8.2996,0.0,-8.2996,8.2996,0.0,category:inspiring;category:upbeat,
AE2GIBCBPJC65LIMLNZRYFJDUVKA,12,exploration,0.65,2,1,1,1,0,0.5,0.0,0.0,0.0,0.5,1.0,0.5,5.7565,5.2575,-0.4991,6.2556,5.2575,category:historical,
AE2GJ6CPRHZW2MLI5GPU6IFOGTJA,6,exploration,0.65,2,1,1,1,0,0.5,0.0,0.0,0.0,0.5,1.0,0.5,5.0478,5.0957,0.048,4.9998,5.0957,category:special_interests,
AE2GJGZRZAPGDLMGBZRYZXYU6PDA,7,exploration,0.65,2,1,1,1,0,0.5,0.0,0.0,0.0,2.5,5.0,2.5,3.845,2.8168,-1.0282,4.8732,2.8168,category:animation,
AE2GJVA4GNT64RVTFM5X4FDXBLXQ,13,exploration,0.65,3,2,1,1,0,0.6667,0.3333,0.5,0.1667,3.3333,5.0,1.6667,5.0458,2.943,-2.1028,9.2513,2.943,category:past_golden_globe_winners,
AE2GKTOC77HGK26JBTJQOSN3IPYQ,14,exploration,0.65,3,2,1,1,0,0.6667,0.0,0.0,0.0,0.6667,1.0,0.3333,6.584,5.4261,-1.1579,8.8999,5.4261,category:romantic,
AE2GLFP3KJEVBQDWMBX7LAZL5KTA,5,exploration,0.65,2,0,1,2,0,0.0,0.0,0.0,0.0,0.0,0.0,0.0,6.3501,0.0,-6.3501,6.3501,0.0,category:compelling;category:downbeat,
AE2GLSNSEB5SYKAA6NXZUTLE4PGA,11,exploration,0.65,2,1,1,1,0,0.5,0.0,0.0,0.0,1.5,3.0,1.5,6.9974,3.5909,-3.4065,10.404,3.5909,category:crime_&_conspiracy,
AE2GNPAZRMMIUGDOSPA4RDPLIDWQ,19,exploration,0.65,2,1,1,1,0,0.5,0.0,0.0,0.0,5.5,11.0,5.5,4.875,2.5241,-2.3509,7.2259,2.5241,category:bleak,
AE2GP2AOXN3WXMPBDHDVZUT6ACUA,6,exploration,0.65,2,1,1,1,0,0.5,0.0,0.0,0.0,0.5,1.0,0.5,5.227,5.3812,0.1542,5.0729,5.3812,category:musicals_&_performing_arts,
AE2GPALZDNR6G6L2KA57GUL3DIXQ,8,exploration,0.65,2,0,1,2,0,0.0,0.0,0.0,0.0,0.0,0.0,0.0,5.1666,0.0,-5.1666,5.1666,0.0,category:bbc;category:musicals_&_performing_arts,
AE2GQACMPJFNYSN5N2XDUJQ7NQAQ,15,exploration,0.65,2,0,1,2,0,0.0,0.0,0.0,0.0,0.0,0.0,0.0,6.0398,0.0,-6.0398,6.0398,0.0,category:historical;category:kids,
AE2GQIJJUDIOLSXFX273BXA3M5NQ,10,exploration,0.75,3,0,1,3,0,0.0,0.0,0.0,0.0,0.0,0.0,0.0,7.19,0.0,-7.19,7.19,0.0,category:disney_channel;category:disney_channel_original_movies;category:kids_&_family,
AE2GS72H27CAVTAWLQPELN7ID65A,16,exploration,0.65,2,0,1,2,0,0.0,0.0,0.0,0.0,0.0,0.0,0.0,5.3061,0.0,-5.3061,5.3061,0.0,category:charming;category:suspense,
AE2GSQFBCIXFBT5BAUMRZN2HCIXA,10,exploration,0.65,2,1,1,1,0,0.5,0.0,0.0,0.0,0.5,1.0,0.5,3.8875,3.0693,-0.8182,4.7058,3.0693,category:action,
AE2GUJH6ZAUEN3ZVOFGLBBCFELFQ,8,exploration,0.65,3,1,1,2,0,0.3333,0.0,0.0,0.0,0.6667,2.0,1.3333,7.2943,4.098,-3.1963,8.8924,4.098,category:disney_channel;category:disney_channel_original_movies,
AE2GUQ6DKW3BXK7MCB2GBJHUZCQQ,13,exploration,0.65,2,1,1,1,0,0.5,0.0,0.0,0.0,1.0,2.0,1.0,4.1811,4.3801,0.199,3.9821,4.3801,category:science_fiction,
AE2GVIA3D5P3C7RP7GA4F7ATKH7Q,6,exploration,0.75,2,1,1,1,0,0.5,0.0,0.0,0.0,2.0,4.0,2.0,4.9803,3.5909,-1.3894,6.3697,3.5909,category:pbs,
AE2GVM3MCWRKXZEQDGQYCCDGFRNA,12,exploration,0.65,2,0,1,2,0,0.0,0.0,0.0,0.0,0.0,0.0,0.0,7.0916,0.0,-7.0916,7.0916,0.0,category:coarse;category:mysterious,
AE2GYAH3ERK6DLNSUMKEU7GG7GKQ,52,exploration,0.65,2,0,1,2,0,0.0,0.0,0.0,0.0,0.0,0.0,0.0,4.4856,0.0,-4.4856,4.4856,0.0,category:animation;category:science_fiction_&_fantasy,
AE2GYC7PEJULZIPIZ75N2PGOFTDQ,28,exploration,0.65,2,1,1,1,0,0.5,0.0,0.0,0.0,0.5,1.0,0.5,5.0699,4.3801,-0.6897,5.7596,4.3801,category:emotional,
AE2GYS2QMZSX473UXFJZN56KLI6A,6,exploration,0.65,2,1,1,1,0,0.5,0.0,0.0,0.0,1.0,2.0,1.0,4.3439,3.9821,-0.3618,4.7058,3.9821,category:action,
AE2GYYVV7FXA42FXNOKUIAWJOZFA,5,exploration,0.65,2,0,1,2,0,0.0,0.0,0.0,0.0,0.0,0.0,0.0,4.8293,0.0,-4.8293,4.8293,0.0,category:animation;category:fantasy,
AE2GZFYEI2RPOGFM4UT42G5XLOGQ,5,exploration,0.65,2,0,1,2,0,0.0,0.0,0.0,0.0,0.0,0.0,0.0,6.4585,0.0,-6.4585,6.4585,0.0,category:cerebral;category:serious,
AE2H2DXRIGBCJILX252SYN6OPBGA,10,exploration,0.55,2,1,1,1,0,0.5,0.0,0.0,0.0,3.0,6.0,3.0,4.1483,3.5909,-0.5574,4.7058,3.5909,category:action,
AE2H2TK5D3VFB7UBOUG4DMC7KPHQ,11,exploration,0.65,2,1,1,1,0,0.5,0.0,0.0,0.0,0.5,1.0,0.5,6.326,5.2604,-1.0657,7.3917,5.2604,category:mother's_day_gift_ideas_in_movies_&_tv,
AE2H5W5K3G7E5LV7VQB5X3M2M4IA,34,exploration,0.65,2,1,1,1,0,0.5,0.0,0.0,0.0,3.0,6.0,3.0,4.0386,2.8168,-1.2218,5.2604,2.8168,category:bbc,
AE2H7GDUME2GKPB67OFH6WHQOIUQ,7,exploration,0.65,2,1,1,1,0,0.5,0.0,0.0,0.0,1.0,2.0,1.0,4.1214,2.8168,-1.3047,5.4261,2.8168,category:christmas,
AE2HAXGAFI6ZX4BOR5ROM6IHRZBQ,13,exploration,0.65,2,1,1,1,0,0.5,0.0,0.0,0.0,2.0,4.0,2.0,3.9562,2.8168,-1.1395,5.0957,2.8168,category:mystery_&_thrillers,
AE2HBFMIDSKPSYB5NCRQEHV4CVQQ,12,exploration,0.75,2,1,1,1,0,0.5,0.0,0.0,0.0,1.0,2.0,1.0,4.5618,3.5909,-0.9709,5.5326,3.5909,category:adventure,
AE2HEMTQPRFYVLSDETUAV2SYKWEA,5,exploration,0.65,2,1,1,1,0,0.5,0.0,0.0,0.0,0.5,1.0,0.5,5.4326,5.8241,0.3915,5.0411,5.8241,category:sports,
AE2HHCZARXNN3PDMFANR7XK23LIA,19,exploration,0.65,2,1,1,1,0,0.5,0.0,0.0,0.0,0.5,1.0,0.5,5.4016,3.8804,-1.5212,6.9227,3.8804,category:award_winners_in_movies_&_tv,
AE2HIXLKJM6XVECA6NJDP5AAZVEQ,8,exploration,0.65,2,0,1,2,0,0.0,0.0,0.0,0.0,0.0,0.0,0.0,6.9705,0.0,-6.9705,6.9705,0.0,category:bleak;category:downbeat,
AE2HJ5NTPDPG5XMCJQKW777FLVWA,7,exploration,0.65,2,1,1,1,0,0.5,0.0,0.0,0.0,6.0,12.0,6.0,4.7894,2.8168,-1.9726,6.762,2.8168,category:frightening,
AE2HJIERGPQUQBKPHBVETMCNFWBA,11,exploration,0.75,3,1,1,2,0,0.3333,0.0,0.0,0.0,2.0,6.0,4.0,5.6371,2.8168,-2.8204,7.0473,2.8168,category:emmy_central;category:fox_tv,
AE2HK3OAMEQBUCECBOCY55WFSCOQ,10,exploration,0.65,3,2,1,1,0,0.6667,0.0,0.0,0.0,1.3333,2.0,0.6667,5.378,4.6057,-0.7724,6.9227,4.6057,category:award_winners_in_movies_&_tv,
AE2HKMP3MGHDBP3ALT6VXD62XKNA,6,exploration,0.65,2,1,1,1,0,0.5,0.0,0.0,0.0,4.5,9.0,4.5,3.845,2.8168,-1.0282,4.8732,2.8168,category:animation,
AE2HLCBHYJJEBQGNTI4W7UM53DTQ,8,exploration,0.65,2,1,1,1,0,0.5,0.0,0.0,0.0,2.5,5.0,2.5,3.9713,3.0693,-0.902,4.8732,3.0693,category:animation,
AE2HN7SDKGNFNQKKMXPJK65BS4KQ,12,exploration,0.65,2,1,1,1,0,0.5,0.0,0.0,0.0,2.5,5.0,2.5,3.7247,3.0693,-0.6554,4.3801,3.0693,category:suspense,
AE2HNIA7P6TML65Z4BGGJF5CUBKA,8,exploration,0.65,2,1,1,1,0,0.5,0.0,0.0,0.0,1.5,3.0,1.5,6.0298,4.098,-1.9318,7.9616,4.098,category:live_action,
AE2HNLHSR2H4VCZB2Y6MZG5257YA,8,exploration,0.65,2,1,1,1,0,0.5,0.0,0.0,0.0,8.5,17.0,8.5,4.0641,2.5241,-1.54,5.6041,2.5241,category:cerebral,
AE2HPYPN32CZV4JTHPTMEHIZ4GIQ,9,exploration,0.65,2,1,1,1,0,0.5,0.0,0.0,0.0,0.5,1.0,0.5,4.3768,3.8804,-0.4964,4.8732,3.8804,category:animation,
AE2HRKQ7JY742CPGBQZZSMHLECJA,8,exploration,0.65,2,1,1,1,0,0.5,0.0,0.0,0.0,0.5,1.0,0.5,5.159,4.7854,-0.3736,5.5326,4.7854,category:adventure,
AE2HS53JCVQB4UHMPCZLUDBCFO6Q,7,exploration,0.65,2,1,1,1,0,0.5,0.0,0.0,0.0,1.0,2.0,1.0,4.9564,4.3801,-0.5762,5.5326,4.3801,category:adventure,
AE2HSLR7SOPJIJ4VHN5IIVDEGQLQ,8,exploration,0.65,2,1,1,1,0,0.5,0.0,0.0,0.0,1.0,2.0,1.0,4.6947,3.7852,-0.9094,5.6041,3.7852,category:cerebral,
AE2HTDM4KTUVVZZDQJSCSZNQ6QBQ,6,exploration,0.65,3,2,1,1,0,0.6667,0.0,0.0,0.0,3.3333,5.0,1.6667,4.8328,2.943,-1.8897,8.6122,2.943,category:oscar_nominees,
AE2HU4YB2V4CDL4E5QPDIWFZZLQQ,10,exploration,0.75,2,1,1,1,0,0.5,0.0,0.0,0.0,0.5,1.0,0.5,4.4242,3.5909,-0.8333,5.2575,3.5909,category:romance,
AE2HVUQMTA4FVKIBBS6FYOGZBA6A,8,exploration,0.75,3,2,1,1,0,0.6667,0.3333,0.5,0.1667,1.3333,2.0,0.6667,4.8653,3.4273,-1.438,7.7414,3.4273,category:family_features,
AE2HX23OYI4CRR4WZK5YAMKWGIRA,12,exploration,0.75,2,1,1,1,0,0.5,0.0,0.0,0.0,2.5,5.0,2.5,4.7594,3.0693,-1.6901,6.4495,3.0693,category:cult_movies,
AE2HXAF3Y2IA327U36QQKJHCZVMQ,10,exploration,0.65,2,1,1,1,0,0.5,0.0,0.0,0.0,3.0,6.0,3.0,4.4467,3.0693,-1.3774,5.8241,3.0693,category:kids,
AE2HXNTLE43CV3C3P26X63KIN6MQ,8,exploration,0.75,2,1,1,1,0,0.5,0.0,0.0,0.0,1.0,2.0,1.0,4.3281,3.8804,-0.4477,4.7758,3.8804,category:exercise_&_fitness,
AE2HXOXMLRO46ME2VXALR5DEFFGA,28,exploration,0.65,2,1,1,1,0,0.5,0.0,0.0,0.0,1.0,2.0,1.0,5.068,3.8804,-1.1876,6.2556,3.8804,category:historical,
AE2HXVYK7ROLOCVTZQ44PNRYB6GA,5,exploration,0.65,2,1,1,1,0,0.5,0.0,0.0,0.0,3.5,7.0,3.5,3.845,2.8168,-1.0282,4.8732,2.8168,category:animation,
AE2HZ3UTJU7A35ETUYATAUWDMOSQ,17,exploration,0.65,2,0,1,2,0,0.0,0.0,0.0,0.0,0.0,0.0,0.0,5.7662,0.0,-5.7662,5.7662,0.0,category:mysterious;category:suspense,
AE2HZC4RWN7YFOO7FCGTNXPCA37Q,7,exploration,0.65,2,1,1,1,0,0.5,0.0,0.0,0.0,1.5,3.0,1.5,3.9313,3.8804,-0.0508,3.9821,3.8804,category:science_fiction,
AE2HZPZPZCAJIUR2BFRVNN3HOSFA,12,exploration,0.65,2,1,1,1,0,0.5,0.0,0.0,0.0,2.0,4.0,2.0,4.0371,2.8168,-1.2204,5.2575,2.8168,category:romance,
AE2I2GCHKGB5Q45HC4CJV6UDLJRA,12,exploration,0.75,2,1,1,1,0,0.5,0.0,0.0,0.0,0.5,1.0,0.5,6.185,3.7852,-2.3998,8.5848,3.7852,category:disney_channel,
AE2I3CZ42R34QMGP73IEVCFIDMOA,5,exploration,0.65,2,1,1,1,0,0.5,0.0,0.0,0.0,2.0,4.0,2.0,5.4869,3.9821,-1.5048,6.9917,3.9821,category:feel-good,
AE2I3LTKBIWR5C6D2REJ4QSPVXMQ,10,exploration,0.75,2,0,1,2,0,0.0,0.0,0.0,0.0,0.0,0.0,0.0,8.6924,0.0,-8.6924,8.6924,0.0,category:faith_&_spirituality;category:sassy,
AE2I3T73NC65FNNY2655ANEJZSAQ,21,exploration,0.65,2,1,1,1,0,0.5,0.0,0.0,0.0,3.0,6.0,3.0,4.4383,3.0693,-1.3689,5.8072,3.0693,category:art_house_&_international,
AE2I4BU73WGQRJOVW5LPHMCHLBMA,13,exploration,0.75,1,0,1,1,0,0.0,0.0,0.0,0.0,0.0,0.0,0.0,5.8241,0.0,-5.8241,5.8241,0.0,category:kids,
AE2I5EIWXHPL2JYBJRZVP4MIZ6YA,5,exploration,0.65,2,1,1,1,0,0.5,0.0,0.0,0.0,1.0,2.0,1.0,4.7186,4.098,-0.6206,5.3393,4.098,category:anime_&_manga,
AE2I6FZYUSKDZLZ643QPKH52AKDA,6,exploration,0.65,2,1,1,1,0,0.5,0.0,0.0,0.0,2.0,4.0,2.0,4.7573,3.9821,-0.7753,5.5326,3.9821,category:adventure,
AE2IBKG7Z2BXUQMUZPQEU5AL7KPA,6,exploration,0.75,2,0,1,2,0,0.0,0.0,0.0,0.0,0.0,0.0,0.0,6.0544,0.0,-6.0544,6.0544,0.0,category:emotional;category:inspiring,
AE2ICGRNPWKJUMVDMJOBBWJYKS3Q,5,exploration,0.65,2,1,1,1,0,0.5,0.0,0.0,0.0,3.0,6.0,3.0,4.2417,2.5241,-1.7177,5.9594,2.5241,category:fox_tv,
AE2ID3OL6JJZJ63TJVNI3XSBFOQA,7,exploration,0.65,2,0,1,2,0,0.0,0.0,0.0,0.0,0.0,0.0,0.0,5.8171,0.0,-5.8171,5.8171,0.0,category:malicious;category:suspense,
AE2IDPY2I47CTLAQUJY35IEJADFQ,27,exploration,0.65,2,0,1,2,0,0.0,0.0,0.0,0.0,0.0,0.0,0.0,4.95,0.0,-4.95,4.95,0.0,category:special_interest;category:suspense,
AE2IEAVNOR5AYAP47XXZLFUTYJ2A,12,exploration,0.65,2,1,1,1,0,0.5,0.0,0.0,0.0,4.5,9.0,4.5,4.9042,2.8168,-2.0875,6.9917,2.8168,category:feel-good,
AE2IED6VZKHUNMYFIATLDJN5SZQA,71,exploration,0.75,2,0,1,2,0,0.0,0.0,0.0,0.0,0.0,0.0,0.0,6.6912,0.0,-6.6912,6.6912,0.0,category:dark;category:outlandish,
AE2IEIKPEXVTW4AKJOBZLDW35OPA,16,exploration,0.65,2,0,1,2,0,0.0,0.0,0.0,0.0,0.0,0.0,0.0,6.2907,0.0,-6.2907,6.2907,0.0,category:charming;category:inspiring,
AE2IFA65B66CMXHGM25PDLHFVFWA,18,exploration,0.65,2,1,1,1,0,0.5,0.0,0.0,0.0,0.5,1.0,0.5,5.6818,5.7596,0.0778,5.6041,5.7596,category:cerebral,
AE2IFD4R73NM5WAUSXYSKQ2FL6XQ,7,exploration,0.65,2,0,1,2,0,0.0,0.0,0.0,0.0,0.0,0.0,0.0,5.0287,0.0,-5.0287,5.0287,0.0,category:fox_tv;category:science_fiction_&_fantasy,
AE2IFY3AMA45XY5AGFHWECVPILXA,11,exploration,0.65,2,0,1,2,0,0.0,0.0,0.0,0.0,0.0,0.0,0.0,7.9366,0.0,-7.9366,7.9366,0.0,category:oscar_central;category:past_oscar_winners,
AE2IGDITY4PR272UCA7PX6ZLVNWA,17,exploration,0.65,4,2,1,2,0,0.5,0.0,0.0,0.0,2.75,5.5,2.75,4.3843,3.2531,-1.1312,5.5155,3.2531,category:sci-fi_action;category:science_fiction_&_fantasy,
AE2IGGSWNXUBVZLGQLKC7KLQD2GA,157,exploration,0.65,2,0,1,2,0,0.0,0.0,0.0,0.0,0.0,0.0,0.0,6.1646,0.0,-6.1646,6.1646,0.0,category:fox_tv;category:pbs,
AE2IGSNOFP6YMD52CV2RJSFWNQJA,5,exploration,0.65,2,1,1,1,0,0.5,0.0,0.0,0.0,0.5,1.0,0.5,5.7572,3.9821,-1.7751,7.5323,3.9821,category:anxious,
AE2IIAQZZOCQFQH7BPPOBETTIG5Q,13,exploration,0.65,2,1,1,1,0,0.5,0.0,0.0,0.0,1.0,2.0,1.0,4.1811,3.9821,-0.199,4.3801,3.9821,category:suspense,
AE2IIHSX7KSYKCYANB5F776MYVZA,7,exploration,0.65,2,1,1,1,0,0.5,0.0,0.0,0.0,3.5,7.0,3.5,3.2531,2.5241,-0.729,3.9821,2.5241,category:science_fiction,
AE2IIINQIGHGGSSVRV57D3PW7IOA,25,exploration,0.65,2,1,1,1,0,0.5,0.0,0.0,0.0,3.0,6.0,3.0,3.4521,2.5241,-0.928,4.3801,2.5241,category:suspense,
AE2IJIYVZY42RQC54NTG3LVLJUDQ,13,exploration,0.65,2,1,1,1,0,0.5,0.0,0.0,0.0,1.0,2.0,1.0,5.0699,4.3801,-0.6897,5.7596,4.3801,category:emotional,
AE2IK4FFBGFDR42G323NYCTGZNJQ,15,exploration,0.65,3,2,1,1,0,0.6667,0.0,0.0,0.0,2.3333,3.5,1.1667,5.0044,4.04,-0.9643,6.933,4.04,category:sci-fi_action,
AE2IKRUVNEVGV7MPQFBVSGJWDKAA,14,exploration,0.75,2,0,1,2,0,0.0,0.0,0.0,0.0,0.0,0.0,0.0,6.1204,0.0,-6.1204,6.1204,0.0,category:compelling;category:historical,
AE2ILMC5O5MXUHQN24MPR2FPWSAQ,27,exploration,0.65,2,1,1,1,0,0.5,0.0,0.0,0.0,0.5,1.0,0.5,4.7931,3.9821,-0.811,5.6041,3.9821,category:cerebral,
AE2IMCEFVXEDO5VA52SA7QLRLDZQ,11,exploration,0.65,2,1,1,1,0,0.5,0.0,0.0,0.0,0.5,1.0,0.5,5.2568,3.5909,-1.6659,6.9227,3.5909,category:military_and_war,
AE2IMMPPLGOQ2BBRRWTVPAHZMZUQ,7,exploration,0.65,2,1,1,1,0,0.5,0.0,0.0,0.0,0.5,1.0,0.5,4.7573,3.9821,-0.7753,5.5326,3.9821,category:adventure,
AE2INWOBCPNRDIEJRPTGX33IIH2A,7,exploration,0.65,2,1,1,1,0,0.5,0.0,0.0,0.0,0.5,1.0,0.5,5.3591,3.9821,-1.377,6.7362,3.9821,category:thrilling,
AE2IPFVTBCLLYGS2YQC6E37FLU6Q,162,exploration,0.65,2,1,1,1,0,0.5,0.0,0.0,0.0,5.5,11.0,5.5,3.6149,2.5241,-1.0909,4.7058,2.5241,category:action,
AE2IPGKCTT6QVJ55FT45ABL4HDQQ,14,exploration,0.75,2,0,1,2,0,0.0,0.0,0.0,0.0,0.0,0.0,0.0,8.5195,0.0,-8.5195,8.5195,0.0,category:award_winners_in_movies_&_tv;category:golden_globe_winners,
AE2IPVTXSADCUANZDRAABIGUC6AA,7,exploration,0.65,2,1,1,1,0,0.5,0.0,0.0,0.0,1.0,2.0,1.0,4.9232,3.5909,-1.3323,6.2556,3.5909,category:historical,
AE2IREQ62KSEOFS3GYXNNRM6FGTA,6,exploration,0.65,2,0,1,2,0,0.0,0.0,0.0,0.0,0.0,0.0,0.0,5.6592,0.0,-5.6592,5.6592,0.0,category:harrowing;category:suspense,
AE2IRHGXEJ5GCY5QTQDRYPNALW3Q,5,exploration,0.65,2,1,1,1,0,0.5,0.0,0.0,0.0,0.5,1.0,0.5,5.0363,5.0729,0.0365,4.9998,5.0729,category:special_interests,
AE2IS23DT7MZJUCYSEFYF6W235NA,20,exploration,0.65,3,2,1,1,0,0.6667,0.0,0.0,0.0,2.6667,4.0,1.3333,3.653,2.943,-0.7099,5.0729,2.943,category:musicals_&_performing_arts,
AE2ISZDETV6SJO7WMZJEQO3WUSKQ,10,exploration,0.65,2,1,1,1,0,0.5,0.0,0.0,0.0,0.5,1.0,0.5,5.3061,4.3801,-0.926,6.2322,4.3801,category:charming,
AE2ITXXQOU6RX3BVFRBFE2HFEWEA,5,exploration,0.55,2,1,1,1,0,0.5,0.0,0.0,0.0,1.0,2.0,1.0,4.1747,2.8168,-1.3579,5.5326,2.8168,category:adventure,
AE2IUXYVBCUQD6IYTFJAYT4HFLYQ,32,exploration,0.75,2,0,1,2,0,0.0,0.0,0.0,0.0,0.0,0.0,0.0,7.7675,0.0,-7.7675,7.7675,0.0,category:award_winners_in_movies_&_tv;category:oscar_nominees,
AE2IVEVXCT5YXZAKQQVBJW3O6DYQ,8,exploration,0.65,2,1,1,1,0,0.5,0.0,0.0,0.0,1.5,3.0,1.5,4.022,3.0693,-0.9527,4.9746,3.0693,category:music_videos_&_concerts,
AE2IWUE6XFXTIHLEEH5UGFI72JAQ,6,exploration,0.65,2,0,1,2,0,0.0,0.0,0.0,0.0,0.0,0.0,0.0,5.9725,0.0,-5.9725,5.9725,0.0,category:animation;category:dreamlike,
AE2IXSMLJR4BTSQYEC4SYWJOJXLQ,23,exploration,0.65,2,1,1,1,0,0.5,0.0,0.0,0.0,6.0,12.0,6.0,3.7985,2.5241,-1.2744,5.0729,2.5241,category:musicals_&_performing_arts,
AE2IXUDNCRFNOCQ3U5WVT63RVW5A,7,exploration,0.75,2,1,1,1,0,0.5,0.0,0.0,0.0,0.5,1.0,0.5,5.8561,5.5326,-0.3235,6.1796,5.5326,category:eerie,
AE2IZQNS3IR7UNGUPWTANBDNN2AQ,6,exploration,0.65,2,1,1,1,0,0.5,0.0,0.0,0.0,4.5,9.0,4.5,4.7938,2.8168,-1.977,6.7708,2.8168,"category:arts,_entertainment,_and_culture",
AE2J3YMSTRVWW67CGKSBSEF7DL6Q,47,exploration,0.65,2,1,1,1,0,0.5,0.0,0.0,0.0,0.5,1.0,0.5,3.7357,3.5909,-0.1448,3.8804,3.5909,category:horror,
AE2J6MDVZ6BVTAGNSYO4WTPPRAEA,19,exploration,0.65,2,1,1,1,0,0.5,0.0,0.0,0.0,0.5,1.0,0.5,6.3957,4.7854,-1.6103,8.0061,4.7854,category:beautiful,
AE2JA2QO24D5AN7UMNLGZPIGOFQA,8,exploration,0.65,2,1,1,1,0,0.5,0.0,0.0,0.0,0.5,1.0,0.5,5.2589,5.2575,-0.0015,5.2604,5.2575,category:bbc,
AE2JAIHGXO3U6LNEZ5JY5ZRT2CMQ,5,exploration,0.75,3,1,1,2,0,0.3333,0.0,0.0,0.0,2.6667,8.0,5.3333,4.5563,2.8168,-1.7396,5.4261,2.8168,category:christmas;category:holidays_&_seasonal,
AE2JAJG5ZWWBARZZUE2LMO6OOG2Q,54,exploration,0.65,2,1,1,1,0,0.5,0.0,0.0,0.0,1.0,2.0,1.0,5.5885,3.7852,-1.8032,7.3917,3.7852,category:mother's_day_gift_ideas_in_movies_&_tv,
AE2JB7LAKRSXCPPV6W3MQFATZOHQ,8,exploration,0.65,2,1,1,1,0,0.5,0.0,0.0,0.0,1.0,2.0,1.0,5.4036,3.9821,-1.4215,6.8251,3.9821,category:futuristic,
AE2JCWUTNS656E6LKG2ML5ZRYDIQ,18,exploration,0.65,2,1,1,1,0,0.5,0.0,0.0,0.0,0.5,1.0,0.5,6.0189,5.6041,-0.4148,6.4337,5.6041,category:dark,
AE2JCYVMCIGDXQRETMBDBQWCBZKA,6,exploration,0.75,2,1,1,1,0,0.5,0.0,0.0,0.0,1.0,2.0,1.0,5.7633,3.7852,-1.9781,7.7414,3.7852,category:family_features,
AE2JDX5UX3HGWGYTH6KPY63NJTSQ,17,exploration,0.65,2,1,1,1,0,0.5,0.0,0.0,0.0,4.0,8.0,4.0,4.8697,2.8168,-2.053,6.9227,2.8168,category:military_and_war,
AE2JF6TVODODQHO352PMU3YC3CAA,18,exploration,0.75,2,1,1,1,0,0.5,0.5,1.0,0.5,0.5,1.0,0.5,5.178,5.0957,-0.0823,5.2604,5.0957,category:bbc,
AE2JGIRUX4UYWMWP54SVUO4GMSTQ,5,exploration,0.65,2,1,1,1,0,0.5,0.0,0.0,0.0,0.5,1.0,0.5,5.8034,5.2575,-0.5459,6.3493,5.2575,category:inspiring,
AE2JH5U2TDT5CTNIRFIC4U5TAEHQ,6,exploration,0.75,2,0,1,2,0,0.0,0.0,0.0,0.0,0.0,0.0,0.0,5.227,0.0,-5.227,5.227,0.0,category:musicals;category:musicals_&_performing_arts,
AE2JIGSPL6FLI7L2UMGTYLCQD4WQ,7,exploration,0.65,2,1,1,1,0,0.5,0.0,0.0,0.0,3.5,7.0,3.5,4.6259,2.5241,-2.1018,6.7277,2.5241,category:reality_tv,
AE2JIHDMINHBY2HT6GSC5N3G33ZA,7,exploration,0.65,2,1,1,1,0,0.5,0.0,0.0,0.0,4.0,8.0,4.0,3.4521,2.5241,-0.928,4.3801,2.5241,category:suspense,
AE2JKSPYZTI4AKQYEZQ5CSNCTVTA,5,exploration,0.65,2,1,1,1,0,0.5,0.0,0.0,0.0,4.5,9.0,4.5,3.845,2.8168,-1.0282,4.8732,2.8168,category:animation,
AE2JLHCOVIKXLJJAGYORVM5L3AUQ,8,exploration,0.65,2,0,1,2,0,0.0,0.0,0.0,0.0,0.0,0.0,0.0,7.7675,0.0,-7.7675,7.7675,0.0,category:award_winners_in_movies_&_tv;category:oscar_nominees,
AE2JLKFENNS3PCZARDYIDGNDTRJQ,66,exploration,0.65,2,1,1,1,0,0.5,0.0,0.0,0.0,0.5,1.0,0.5,4.7573,3.9821,-0.7753,5.5326,3.9821,category:adventure,
AE2JLWPKGXXAH34I47ZS2TI7FPVQ,9,exploration,0.65,2,0,1,2,0,0.0,0.0,0.0,0.0,0.0,0.0,0.0,8.0079,0.0,-8.0079,8.0079,0.0,category:alienated;category:malicious,
AE2JM4JJBIEYEBT6AZPQ6EI7GZFQ,21,exploration,0.75,3,0,1,3,0,0.0,0.0,0.0,0.0,0.0,0.0,0.0,7.7399,0.0,-7.7399,7.7399,0.0,category:award_winners_in_movies_&_tv;category:oscar_central;category:oscar_nominees,
AE2JMJCFQUJLG7CCMPMPXQTRCUJA,10,exploration,0.65,2,1,1,1,0,0.5,0.0,0.0,0.0,3.0,6.0,3.0,3.9713,3.0693,-0.902,4.8732,3.0693,category:animation,
AE2JOQGRJL72HIJN6ZK67VZKMS3A,9,exploration,0.65,2,1,1,1,0,0.5,0.0,0.0,0.0,1.5,3.0,1.5,5.2804,3.5909,-1.6895,6.97,3.5909,category:western,
AE2JQPNIRTWI5VGFWSFYZUTZO6UQ,56,exploration,0.65,1,0,1,1,0,0.0,0.0,0.0,0.0,0.0,0.0,0.0,6.762,0.0,-6.762,6.762,0.0,category:frightening,
AE2JQXHEN23NRR7LYUE54ENGF3DQ,7,exploration,0.65,1,0,1,1,0,0.0,0.0,0.0,0.0,0.0,0.0,0.0,8.3891,0.0,-8.3891,8.3891,0.0,category:abc_tv_shows,
AE2JRLI5TOZXE5ZOOD5K7ZMAKTQA,69,exploration,0.65,2,1,1,1,0,0.5,0.0,0.0,0.0,0.5,1.0,0.5,6.3066,6.1796,-0.1271,6.4337,6.1796,category:dark,
AE2JSNP4JDACHK5YS4MLNZYZIZIA,23,exploration,0.65,2,1,1,1,0,0.5,0.0,0.0,0.0,3.0,6.0,3.0,4.3898,2.5241,-1.8658,6.2556,2.5241,category:historical,
AE2JSS7RHXCJFPJ6HLP2HTHPYMSA,5,exploration,0.65,2,0,1,2,0,0.0,0.0,0.0,0.0,0.0,0.0,0.0,6.3319,0.0,-6.3319,6.3319,0.0,category:suspense;category:terrifying,
AE2JSYLM4FG5DNZGYWMSOIIJHCOQ,10,exploration,0.75,2,1,1,1,0,0.5,0.0,0.0,0.0,1.0,2.0,1.0,4.1303,3.8804,-0.2499,4.3801,3.8804,category:suspense,
AE2JTFSM37TJAHHKCJOXROLFLMMA,6,exploration,0.55,2,1,1,1,0,0.5,0.0,0.0,0.0,0.5,1.0,0.5,5.672,5.5199,-0.1521,5.8241,5.5199,category:kids,
AE2JTW4RTTKUE3WDNYBIUOBPX6CA,13,exploration,0.65,3,1,1,2,0,0.3333,0.0,0.0,0.0,0.3333,1.0,0.6667,5.8176,4.3801,-1.4374,6.5363,4.3801,category:emotional;category:serious,
AE2JUBQYGP565ZFTPQH2YUHVVXMQ,11,exploration,0.65,2,1,1,1,0,0.5,0.0,0.0,0.0,1.0,2.0,1.0,4.9232,3.5909,-1.3323,6.2556,3.5909,category:historical,
AE2JXBXH7K64ZT4WBO5MMBEKGVMA,6,exploration,0.65,2,0,1,2,0,0.0,0.0,0.0,0.0,0.0,0.0,0.0,6.7343,0.0,-6.7343,6.7343,0.0,category:gritty;category:western,
AE2JXHQGNZWXLDBQZI4MFMVJ4J6A,11,exploration,0.65,2,1,1,1,0,0.5,0.0,0.0,0.0,1.0,2.0,1.0,4.1811,3.9821,-0.199,4.3801,3.9821,category:suspense,
AE2JZ4URXLYQDYD6IFZCUKKIXTHA,7,exploration,0.65,2,1,1,1,0,0.5,0.0,0.0,0.0,3.0,6.0,3.0,4.3837,3.9821,-0.4017,4.7854,3.9821,category:fantasy,
AE2JZO5CFTR3MEG4E6BFE7ZWK2OA,11,exploration,0.65,2,1,1,1,0,0.5,0.5,1.0,0.5,3.0,6.0,3.0,5.4016,3.8804,-1.5212,6.9227,3.8804,category:military_and_war,
AE2K2CPBDAAFOD7BL6AXRF247TPQ,6,exploration,0.65,3,2,1,1,0,0.6667,0.0,0.0,0.0,1.6667,2.5,0.8333,4.2213,3.4521,-0.7692,5.7596,3.4521,category:emotional,
AE2K2GH5DMAB5ENAAVWNAXIHON6Q,5,exploration,0.55,2,1,1,1,0,0.5,0.0,0.0,0.0,4.0,8.0,4.0,4.0283,2.5241,-1.5043,5.5326,2.5241,category:adventure,
AE2K35WQ3S7Y6ZDS2X2A5HIAPFRA,12,exploration,0.65,1,0,1,1,0,0.0,0.0,0.0,0.0,0.0,0.0,0.0,5.9594,0.0,-5.9594,5.9594,0.0,category:fox_tv,
AE2K3UUIC5MM2N6ZDQLTUHE2OEIQ,7,exploration,0.65,2,1,1,1,0,0.5,0.0,0.0,0.0,1.0,2.0,1.0,5.31,4.3801,-0.9299,6.2399,4.3801,category:intense,
AE2K44XH6SJQI4YYZP6BCI55KB4Q,8,exploration,0.65,2,1,1,1,0,0.5,0.0,0.0,0.0,1.5,3.0,1.5,5.2913,3.5909,-1.7004,6.9917,3.5909,category:feel-good,
AE2K46KNYNTC4ISAVNZVJ7F4UMUA,8,exploration,0.65,3,1,1,2,0,0.3333,0.0,0.0,0.0,0.6667,2.0,1.3333,6.1642,3.7852,-2.379,7.3537,3.7852,category:3-6_years;category:7-11_years,
AE2K47XCAGWYNIJHGBOGKEG7QVKQ,9,exploration,0.65,2,1,1,1,0,0.5,0.0,0.0,0.0,0.5,1.0,0.5,6.2136,4.7854,-1.4282,7.6419,4.7854,category:sci-fi_&_fantasy,
AE2K4OIYWE226D2L6WTKJ4K3HFFA,5,exploration,0.65,2,0,1,2,0,0.0,0.0,0.0,0.0,0.0,0.0,0.0,5.7565,0.0,-5.7565,5.7565,0.0,category:historical;category:romance,
AE2K5ERYU6FFWMJCK3542CB556SA,25,exploration,0.65,2,1,1,1,0,0.5,0.0,0.0,0.0,2.0,4.0,2.0,5.4114,2.8168,-2.5947,8.0061,2.8168,category:beautiful,
AE2K6BHL4Z7ZFLIKAVJ2VLUQFM7Q,7,exploration,0.65,3,2,1,1,0,0.6667,0.0,0.0,0.0,3.0,4.5,1.5,3.87,3.6149,-0.2551,4.3801,3.6149,category:suspense,
AE2KB3GDRXW5DIFHIFXIQKH6OTLA,5,exploration,0.65,2,1,1,1,0,0.5,0.0,0.0,0.0,0.5,1.0,0.5,5.3549,3.9821,-1.3728,6.7277,3.9821,category:reality_tv,
AE2KBO6DOXKG6ZTTCHOWTDKFT7IQ,5,exploration,0.65,2,1,1,1,0,0.5,0.5,1.0,0.5,0.5,1.0,0.5,5.0699,4.3801,-0.6897,5.7596,4.3801,category:emotional,
AE2KBPAEVEN3HF5J6FT5JINPCF7A,24,exploration,0.65,3,1,1,2,0,0.3333,0.0,0.0,0.0,0.3333,1.0,0.6667,3.9842,3.0693,-0.9149,4.4417,3.0693,category:fantasy;category:science_fiction_&_fantasy,
AE2KBRG64UFJ7HSKRDKSAOPMHEZQ,5,exploration,0.65,2,0,1,2,0,0.0,0.0,0.0,0.0,0.0,0.0,0.0,6.0544,0.0,-6.0544,6.0544,0.0,category:emotional;category:inspiring,
AE2KC5CLACQUJ3HHOOP6L5VQ75IQ,5,exploration,0.65,2,0,1,2,0,0.0,0.0,0.0,0.0,0.0,0.0,0.0,7.3568,0.0,-7.3568,7.3568,0.0,category:dreamlike;category:stunning,
AE2KC5UMB36AJB2CE3GTKGDQGCMQ,18,exploration,0.65,2,1,1,1,0,0.5,0.0,0.0,0.0,8.0,16.0,8.0,4.6631,2.5241,-2.139,6.8021,2.5241,category:3-6_years,
AE2KCCCJWD7NFLXMPGI5ZGPYC26Q,12,exploration,0.65,2,0,1,2,0,0.0,0.0,0.0,0.0,0.0,0.0,0.0,6.2277,0.0,-6.2277,6.2277,0.0,category:adventure;category:military_and_war,
AE2KCIKKEYU6JDPW2XEHDT3OIYXQ,5,exploration,0.65,2,1,1,1,0,0.5,0.0,0.0,0.0,1.0,2.0,1.0,5.4394,4.3801,-1.0593,6.4986,4.3801,category:gritty,
